Cliente;ID;Tipo;Data da Venda;Categoria;Vendedor;Regional;Duração do Contrato (Meses);Equipe;Valor;
Cliente 1;2017-0022;Serviços;02/01/2018;Novo Logo;Vendedor 1;Brasil;1;Time 1; R$ 24.800,00 ;
Cliente 10;2018-0088;Serviços;14/02/2018;Novo Logo;Vendedor 1;Brasil;6;Time 1; R$ 302.720,00 ;
Cliente 10;2018-0104;Serviços;13/03/2018;Upselling;Vendedor 1;Brasil;1;Time 1; R$ 51.894,86 ;
Cliente 10;2018-0168;Serviços;30/04/2018;Upselling;Vendedor 1;Brasil;2;Time 1; R$ 51.894,86 ;
Cliente 10;2018-0169;Serviços;30/04/2018;Upselling;Vendedor 1;Brasil;2;Time 1; R$ 51.894,86 ;
Cliente 10;2018-0298;Serviços;12/06/2018;Upselling;Vendedor 1;Brasil;4;Time 1; R$ 138.386,29 ;
Cliente 10;2018-0296;Serviços;20/06/2018;Upselling;Vendedor 1;Brasil;1;Time 1; R$ 51.895,20 ;
Cliente 10;2018-0315;Serviços;10/07/2018;Upselling;Vendedor 1;Brasil;4;Time 1; R$ 145.306,56 ;
Cliente 10;2018-0317;Serviços;13/07/2018;Upselling;Vendedor 1;Brasil;6;Time 1; R$ 395.862,54 ;
Cliente 10;2018-0383;Serviços;20/07/2018;Upselling;Vendedor 1;Brasil;2;Time 1; R$ 69.193,06 ;
Cliente 10;2018-0412;Serviços;22/08/2018;Upselling;Vendedor 1;Brasil;6;Time 1; R$ 415.161,60 ;
Cliente 10;2018-0318;Serviços;22/08/2018;Upselling;Vendedor 1;Brasil;9;Time 1; R$ 622.742,40 ;
Cliente 10;2018-0445;Serviços;31/08/2018;Upselling;Vendedor 1;Brasil;1;Time 1; R$ 34.596,80 ;
Cliente 10;2018-0443;Serviços;31/08/2018;Upselling;Vendedor 1;Brasil;3;Time 1; R$ 77.842,80 ;
Cliente 10;2018-0437;Serviços;19/09/2018;Upselling;Vendedor 1;Brasil;3;Time 1; R$ 114.169,44 ;
Cliente 10;2018-0436;Serviços;19/09/2018;Upselling;Vendedor 1;Brasil;5;Time 1; R$ 380.564,80 ;
Cliente 10;2018-0551;Serviços;13/11/2018;Upselling;Vendedor 1;Brasil;1;Time 1; R$ 75.248,04 ;
Cliente 10;2018-0590;Serviços;27/11/2018;Upselling;Vendedor 1;Brasil;3;Time 1; R$ 108.115,00 ;
Cliente 10;2018-0316;Serviços;13/12/2018;Upselling;Vendedor 1;Brasil;4;Time 1; R$ 145.306,56 ;
Cliente 10;2018-0634;Serviços;17/12/2018;Upselling;Vendedor 1;Brasil;2;Time 1; R$ 176.443,68 ;
Cliente 10;2018-0670;Serviços;20/12/2018;Upselling;Vendedor 1;Brasil;2;Time 1; R$ 36.326,64 ;
Cliente 10;2019-0868;Serviços;13/02/2019;Upselling;Vendedor 1;Brasil;1;Time 1; R$ 36.326,64 ;
Cliente 10;2019-0902;Serviços;15/02/2019;Upselling;Vendedor 1;Brasil;3;Time 1; R$ 98.600,88 ;
Cliente 10;2019-1143;Serviços;05/06/2019;Upselling;Vendedor 1;Brasil;1;Time 1; R$ 520.489,68 ;
Cliente 10;2019-1625;Serviços;30/09/2019;Upselling;Vendedor 1;Brasil;3;Time 1; R$ 459.488,75 ;
Cliente 10;2019-1896;Serviços;06/12/2019;Upselling;Vendedor 1;Brasil;6;Time 1; R$ 456.677,76 ;
Cliente 10;2019-1705;Serviços;30/12/2019;Upselling;Vendedor 1;Brasil;3;Time 1; R$ 349.075,92 ;
Cliente 10;2020-2039;Serviços;16/01/2020;Renovação;Vendedor 1;Brasil;1;Time 1; R$ 115.493,52 ;
Cliente 10;2020-2113;Serviços;18/02/2020;Upselling;Vendedor 14;Brasil;1;Time 3; R$ 121.975,34 ;
Cliente 10;2020-2161;Serviços;17/03/2020;Upselling;Vendedor 14;Brasil;1;Time 3; R$ 115.001,93 ;
Cliente 10;2020-2162;Serviços;30/03/2020;Upselling;Vendedor 14;Brasil;1;Time 3; R$ 154.178,48 ;
Cliente 10;2020-2233;Serviços;01/04/2020;Upselling;Vendedor 14;Brasil;3;Time 3; R$ 230.040,00 ;
Cliente 10;2020-2234;Serviços;08/04/2020;Upselling;Vendedor 14;Brasil;1;Time 3; R$ 141.696,00 ;
Cliente 10;2020-2175;Serviços;09/04/2020;Upselling;Vendedor 14;Brasil;3;Time 3; R$ 110.592,00 ;
Cliente 10;2020-2341;Serviços;19/05/2020;Upselling;Vendedor 14;Brasil;3;Time 3; R$ 228.338,88 ;
Cliente 10;2020-2398;Serviços;09/06/2020;Upselling;Vendedor 14;Brasil;2;Time 3; R$ 141.846,88 ;
Cliente 10;2020-2401;Serviços;09/06/2020;Upselling;Vendedor 14;Brasil;4;Time 3; R$ 283.693,76 ;
Cliente 10;2020-2399;Serviços;19/06/2020;Upselling;Vendedor 14;Brasil;5;Time 3; R$ 193.742,08 ;
Cliente 10;2020-2337;Serviços;30/06/2020;Upselling;Vendedor 14;Brasil;3;Time 3; R$ 16.433,48 ;
Cliente 10;2020-2471;Serviços;07/07/2020;Upselling;Vendedor 14;Brasil;5;Time 3; R$ 354.617,20 ;
Cliente 10;2020-2605;Serviços;24/08/2020;Renovação;Vendedor 14;Brasil;4;Time 3; R$ 328.320,00 ;
Cliente 10;2020-2583;Serviços;28/09/2020;Upselling;Vendedor 14;Brasil;1;Time 3; R$ 39.996,60 ;
Cliente 10;2020-2594;Produtos;19/10/2020;Upselling;Vendedor 1;Brasil;36;Time 1; R$ 356.400,00 ;
Cliente 10;2021-3488;Serviços;10/02/2021;Upselling;Vendedor 9;Brasil;11;Time 3; R$ 3.487.357,44 ;
Cliente 100;2020-2206;Produtos;15/05/2020;Novo Logo;Vendedor 13;Brasil;37;Time 3; R$ 2.891.561,00 ;
Cliente 101;2020-2319;Serviços;26/05/2020;Novo Logo;Vendedor 3;Brasil;12;Time 1; R$ 174.050,00 ;
Cliente 101;2019-1169;Licenciamento;26/05/2020;Novo Logo;Vendedor 3;Brasil;12;Time 1; R$ 837.527,00 ;
Cliente 102;2020-2693;Produtos;04/06/2020;Novo Logo;Vendedor 19;Brasil;3;Time 3; R$ 688.500,00 ;
Cliente 103;2020-2394;Produtos;07/07/2020;Novo Logo;Vendedor 19;Brasil;36;Time 3; R$ 224.000,00 ;
Cliente 104;2020-3105;Produtos;01/08/2020;Renovação;Vendedor 17;Brasil;13;Time 8; R$ 78.698,51 ;
Cliente 105;2020-2530;Serviços;03/08/2020;Novo Logo;Vendedor 1;Brasil;2;Time 1; R$ 53.104,00 ;
Cliente 106;2020-2567;Produtos;17/08/2020;Novo Logo;Vendedor 16;Brasil;18;Time 3; R$ 1.649.610,36 ;
Cliente 107;2020-2390;Produtos;17/08/2020;Novo Logo;Vendedor 19;Brasil;61;Time 3; R$ 483.800,00 ;
Cliente 108;2020-3129;Produtos;18/08/2020;Novo Logo;Vendedor 13;Brasil;35;Time 3; R$ 1.517.436,72 ;
Cliente 108;2020-2418;Produtos;18/08/2020;Novo Logo;Vendedor 7;Brasil;35;Time 5; R$ 3.034.873,44 ;
Cliente 109;2020-2537;Serviços;28/08/2020;Novo Logo;Vendedor 13;Brasil;2;Time 3; R$ 49.279,44 ;
Cliente 109;2021-3277;Produtos;08/01/2021;Cross selling;Vendedor 13;Brasil;12;Time 3; R$ 139.200,00 ;
Cliente 109;2020-2962;Serviços;08/01/2021;Cross selling;Vendedor 13;Brasil;12;Time 3; R$ 459.605,28 ;
Cliente 109;2021-3624;Serviços;17/03/2021;Upselling;Vendedor 13;Brasil;3;Time 3; R$ 35.967,00 ;
Cliente 109;2021-3577;Serviços;22/03/2021;Cross selling;Vendedor 13;Brasil;12;Time 3; R$ 1.229.003,30 ;
Cliente 11;2018-0046;Serviços;27/02/2018;Novo Logo;Vendedor 3;Brasil;1;Time 1; R$ 8.990,00 ;
Cliente 110;2020-2644;Licenciamento;31/08/2020;Novo Logo;Vendedor 12;Colombia;12;Time 10; R$ 241.650,00 ;
Cliente 111;2020-2639;Produtos;31/08/2020;Novo Logo;Vendedor 19;Brasil;61;Time 3; R$ 626.220,00 ;
Cliente 111;2020-2580;Produtos;31/08/2020;Novo Logo;Vendedor 19;Brasil;53;Time 3; R$ 3.016.440,00 ;
Cliente 112;2020-3080;Produtos;21/09/2020;Novo Logo;Vendedor 17;Brasil;21;Time 8; R$ 91.200,00 ;
Cliente 113;2020-2480;Licenciamento;21/09/2020;Novo Logo;Vendedor 1;Brasil;36;Time 1; R$ 1.055.110,36 ;
Cliente 114;2020-2412;Serviços;24/09/2020;Novo Logo;Vendedor 18;Brasil;4;Time 1; R$ 100.000,00 ;
Cliente 115;2020-2507;Produtos;24/09/2020;Novo Logo;Vendedor 18;Brasil;3;Time 1; R$ 195.056,92 ;
Cliente 116;2020-2723;Licenciamento;25/09/2020;Novo Logo;Vendedor 8;Mexico;12;Time 9; R$ 1.369.162,05 ;
Cliente 116;2020-3155;Licenciamento;21/12/2020;Upselling;Vendedor 8;Mexico;3;Time 9; R$ 134.025,16 ;
Cliente 116;2021-3680;Licenciamento;26/03/2021;Upselling;Vendedor 8;Mexico;3;Time 9; R$ 134.025,16 ;
Cliente 117;2020-2634;Produtos;28/09/2020;Novo Logo;Vendedor 21;Brasil;36;Time 3; R$ 112.440,00 ;
Cliente 118;2020-2872;Serviços;30/09/2020;Cross selling;Vendedor 3;Brasil;12;Time 1; R$ 253.994,40 ;
Cliente 118;2020-2689;Produtos;30/09/2020;Novo Logo;Vendedor 3;Brasil;12;Time 1; R$ 3.398.870,55 ;
Cliente 119;2020-2127;Licenciamento;30/09/2020;Novo Logo;Vendedor 8;Mexico;37;Time 9; R$ 2.450.331,00 ;
Cliente 12;2018-0107;Serviços;01/03/2018;Upselling;Vendedor 1;Brasil;12;Time 1; R$ 200.000,00 ;
Cliente 12;2018-0228;Produtos;25/07/2018;Renovação;Vendedor 1;Brasil;12;Time 1; R$ 180.000,00 ;
Cliente 12;2018-0127;Produtos;25/07/2018;Cross selling;Vendedor 1;Brasil;12;Time 1; R$ 213.832,92 ;
Cliente 12;2019-0889;Serviços;21/02/2019;Upselling;Vendedor 1;Brasil;12;Time 1; R$ 210.140,00 ;
Cliente 12;2019-0849;Produtos;05/06/2019;Renovação;Vendedor 1;Brasil;6;Time 1; R$ 90.000,00 ;
Cliente 12;2019-1314;Produtos;18/06/2019;Renovação;Vendedor 1;Brasil;6;Time 1; R$ 53.458,23 ;
Cliente 12;2020-2071;Licenciamento;27/12/2019;Upselling;Vendedor 1;Brasil;1;Time 1; R$ 126.221,01 ;
Cliente 12;2019-1778;Produtos;17/01/2020;Cross selling;Vendedor 14;Brasil;12;Time 3; R$ 298.680,00 ;
Cliente 12;2018-0358;Licenciamento;29/09/2020;Renovação;Vendedor 14;Brasil;12;Time 3; R$ 535.800,00 ;
Cliente 12;2021-3708;Serviços;25/02/2021;Cross selling;Vendedor 20;Brasil;12;Time 3; R$ 111.300,00 ;
Cliente 12;2020-2994;Produtos;25/02/2021;Cross selling;Vendedor 20;Brasil;12;Time 3; R$ 187.380,00 ;
Cliente 120;2020-3124;Produtos;01/10/2020;Upselling;Vendedor 17;Brasil;24;Time 8; R$ 1.250,00 ;
Cliente 121;2020-2539;Serviços;01/10/2020;Novo Logo;Vendedor 3;Brasil;2;Time 1; R$ 29.592,00 ;
Cliente 122;2020-2572;Serviços;01/10/2020;Novo Logo;Vendedor 3;Brasil;1;Time 1; R$ 7.182,00 ;
Cliente 123;2020-2917;Serviços;19/10/2020;Novo Logo;Vendedor 1;Brasil;4;Time 1; R$ 332.471,30 ;
Cliente 123;2021-3576;Serviços;11/03/2021;Upselling;Vendedor 13;Brasil;11;Time 3; R$ 1.219.061,58 ;
Cliente 124;2020-2898;Serviços;19/10/2020;Novo Logo;Vendedor 1;Brasil;12;Time 1; R$ 317.832,37 ;
Cliente 124;2021-3541;Serviços;03/03/2021;Upselling;Vendedor 9;Brasil;12;Time 3; R$ 342.720,00 ;
Cliente 125;2020-2648;Licenciamento;29/10/2020;Novo Logo;Vendedor 12;Colombia;12;Time 10; R$ 327.570,00 ;
Cliente 126;2020-2980;Produtos;30/10/2020;Novo Logo;Vendedor 7;Brasil;12;Time 5; R$ 1.750.373,68 ;
Cliente 126;2020-3001;Produtos;14/12/2020;Novo Logo;Vendedor 3;Brasil;12;Time 1; R$ 268.231,50 ;
Cliente 127;2020-2921;Serviços;09/11/2020;Novo Logo;Vendedor 20;Brasil;3;Time 3; R$ 29.964,48 ;
Cliente 128;2020-2658;Produtos;09/11/2020;Novo Logo;Vendedor 3;Brasil;12;Time 1; R$ 130.649,63 ;
Cliente 129;2020-2637;Produtos;16/11/2020;Novo Logo;Vendedor 7;Brasil;60;Time 5; R$ 1.740.000,00 ;
Cliente 13;2017-0023;Serviços;12/03/2018;Cross selling;Vendedor 1;Brasil;2;Time 1; R$ 67.830,00 ;
Cliente 13;2018-0302;Licenciamento;23/07/2018;Upselling;Vendedor 1;Brasil;17;Time 1; R$ 168.959,59 ;
Cliente 13;2018-0301;Licenciamento;23/07/2018;Upselling;Vendedor 1;Brasil;37;Time 1; R$ 1.351.967,23 ;
Cliente 13;2019-0861;Licenciamento;31/01/2019;Upselling;Vendedor 1;Brasil;30;Time 1; R$ 440.551,24 ;
Cliente 13;2019-0881;Serviços;11/03/2019;Upselling;Vendedor 1;Brasil;7;Time 1; R$ 201.696,00 ;
Cliente 13;2019-0910;Licenciamento;18/03/2019;Upselling;Vendedor 1;Brasil;28;Time 1; R$ 3.649.217,87 ;
Cliente 13;2019-0891;Serviços;05/04/2019;Cross selling;Vendedor 1;Brasil;7;Time 1; R$ 192.001,92 ;
Cliente 13;2019-1277;Serviços;03/06/2019;Cross selling;Vendedor 1;Brasil;1;Time 1; R$ 143.000,00 ;
Cliente 13;2019-1308;Serviços;03/06/2019;Upselling;Vendedor 1;Brasil;1;Time 1; R$ 237.912,87 ;
Cliente 13;2019-1203;Serviços;04/06/2019;Upselling;Vendedor 1;Brasil;3;Time 1; R$ 133.932,48 ;
Cliente 13;2019-1262;Serviços;07/06/2019;Upselling;Vendedor 1;Brasil;3;Time 1; R$ 101.999,04 ;
Cliente 13;2019-1289;Licenciamento;19/06/2019;Upselling;Vendedor 1;Brasil;26;Time 1; R$ 547.685,15 ;
Cliente 13;2019-1357;Serviços;01/08/2019;Cross selling;Vendedor 1;Brasil;1;Time 1; R$ 55.366,07 ;
Cliente 13;2019-1568;Licenciamento;05/09/2019;Upselling;Vendedor 1;Brasil;23;Time 1; R$ 308.542,94 ;
Cliente 13;2019-1582;Serviços;16/09/2019;Upselling;Vendedor 1;Brasil;4;Time 1; R$ 300.000,00 ;
Cliente 13;2019-1632;Serviços;26/09/2019;Cross selling;Vendedor 1;Brasil;1;Time 1; R$ 105.926,56 ;
Cliente 13;2019-1676;Serviços;15/10/2019;Upselling;Vendedor 1;Brasil;1;Time 1; R$ 384.833,70 ;
Cliente 13;2020-1973;Licenciamento;31/01/2020;Renovação;Vendedor 1;Brasil;18;Time 1; R$ 186.761,31 ;
Cliente 13;2020-2077;Licenciamento;31/01/2020;Renovação;Vendedor 13;Brasil;17;Time 3; R$ 528.010,48 ;
Cliente 13;2020-1975;Licenciamento;31/01/2020;Renovação;Vendedor 1;Brasil;18;Time 1; R$ 1.584.032,12 ;
Cliente 13;2020-2084;Serviços;03/02/2020;Cross selling;Vendedor 13;Brasil;1;Time 3; R$ 17.168,64 ;
Cliente 13;2020-2081;Serviços;28/02/2020;Renovação;Vendedor 13;Brasil;1;Time 3; R$ 112.321,44 ;
Cliente 13;2020-2512;Licenciamento;24/07/2020;Renovação;Vendedor 13;Brasil;11;Time 3; R$ 529.783,84 ;
Cliente 13;2020-2698;Licenciamento;25/09/2020;Upselling;Vendedor 13;Brasil;24;Time 3; R$ 2.797.378,88 ;
Cliente 13;2020-3153;Licenciamento;29/01/2021;Upselling;Vendedor 13;Brasil;12;Time 3; R$ 93.735,36 ;
Cliente 13;2021-3594;Licenciamento;12/03/2021;Upselling;Vendedor 13;Brasil;12;Time 3; R$ 920.035,77 ;
Cliente 130;2019-1389;Produtos;16/11/2020;Novo Logo;Vendedor 20;Brasil;36;Time 3; R$ 2.564.644,92 ;
Cliente 131;2020-2997;Serviços;20/11/2020;Novo Logo;Vendedor 13;Brasil;1;Time 3; R$ 31.080,00 ;
Cliente 131;2021-3572;Serviços;02/03/2021;Upselling;Vendedor 13;Brasil;1;Time 3; R$ 4.920,00 ;
Cliente 132;2020-3033;Produtos;01/12/2020;Novo Logo;Vendedor 17;Brasil;24;Time 8; R$ 29.196,00 ;
Cliente 133;2020-3071;Produtos;01/12/2020;Novo Logo;Vendedor 13;Brasil;12;Time 3; R$ 100.800,00 ;
Cliente 135;2020-3097;Produtos;11/12/2020;Novo Logo;Vendedor 17;Brasil;12;Time 8; R$ 45.798,00 ;
Cliente 136;2020-2407;Licenciamento;11/12/2020;Novo Logo;Vendedor 8;Mexico;12;Time 9; R$ 209.967,00 ;
Cliente 136;2020-3156;Licenciamento;23/12/2020;Novo Logo;Vendedor 8;Mexico;12;Time 9; R$ 564.172,20 ;
Cliente 137;2020-3130;Produtos;12/12/2020;Novo Logo;Vendedor 7;Brasil;61;Time 5; R$ 534.600,00 ;
Cliente 138;2020-3140;Produtos;14/12/2020;Novo Logo;Vendedor 3;Brasil;12;Time 1; R$ 3.484.000,00 ;
Cliente 138;2020-3144;Licenciamento;16/12/2020;Upselling;Vendedor 3;Brasil;12;Time 1; R$ 6.000.000,00 ;
Cliente 138;2021-3354;Produtos;29/01/2021;Upselling;Vendedor 3;Brasil;12;Time 1; R$ 3.415.203,84 ;
Cliente 139;2020-2624;Produtos;14/12/2020;Novo Logo;Vendedor 21;Brasil;37;Time 3; R$ 172.800,00 ;
Cliente 14;2017-0103;Serviços;16/03/2018;Upselling;Vendedor 4;Brasil;5;Time 2; R$ 205.000,00 ;
Cliente 14;2017-0102;Produtos;09/04/2018;Cross selling;Vendedor 4;Brasil;3;Time 2; R$ 89.292,50 ;
Cliente 14;2018-0206;Serviços;30/04/2018;Upselling;Vendedor 4;Brasil;13;Time 2; R$ 2.379.999,84 ;
Cliente 14;2017-0128;Serviços;15/06/2018;Upselling;Vendedor 4;Brasil;12;Time 2; R$ 1.330.000,00 ;
Cliente 14;2018-0262;Produtos;23/04/2019;Upselling;Vendedor 10;Brasil;1;Time 7; R$ 300.000,00 ;
Cliente 14;2019-1202;Produtos;17/05/2019;Cross selling;Vendedor 10;Brasil;1;Time 7; R$ 46.569,00 ;
Cliente 14;2019-1299;Serviços;28/06/2019;Upselling;Vendedor 10;Brasil;13;Time 7; R$ 12.100.320,00 ;
Cliente 14;2019-1290;Serviços;03/07/2019;Cross selling;Vendedor 10;Brasil;2;Time 7; R$ 71.000,00 ;
Cliente 14;2019-1615;Serviços;13/09/2019;Upselling;Vendedor 10;Brasil;2;Time 7; R$ 19.880,00 ;
Cliente 14;2019-1347;Serviços;23/09/2019;Upselling;Vendedor 10;Brasil;12;Time 7; R$ 1.472.416,00 ;
Cliente 14;2019-1652;Serviços;27/12/2019;Cross selling;Vendedor 10;Brasil;12;Time 7; R$ 765.920,00 ;
Cliente 14;2020-2419;Licenciamento;30/06/2020;Cross selling;Vendedor 18;Brasil;12;Time 1; R$ 93.437,40 ;
Cliente 14;2020-2494;Serviços;12/08/2020;Cross selling;Vendedor 18;Brasil;4;Time 1; R$ 97.500,00 ;
Cliente 14;2019-1413;Licenciamento;17/08/2020;Cross selling;Vendedor 18;Brasil;12;Time 1; R$ 1.391.362,64 ;
Cliente 14;2020-2455;Serviços;22/09/2020;Cross selling;Vendedor 18;Brasil;12;Time 1; R$ 9.048.490,66 ;
Cliente 14;2020-3008;Serviços;10/12/2020;Upselling;Vendedor 18;Brasil;6;Time 1; R$ 161.280,00 ;
Cliente 14;2020-3069;Serviços;12/01/2021;Upselling;Vendedor 18;Brasil;12;Time 1; R$ 290.016,00 ;
Cliente 14;2021-3286;Serviços;26/01/2021;Upselling;Vendedor 18;Brasil;12;Time 1; R$ 322.560,00 ;
Cliente 14;2021-3204;Serviços;09/03/2021;Upselling;Vendedor 18;Brasil;12;Time 1; R$ 6.707.860,00 ;
Cliente 14;2021-3584;Serviços;14/04/2021;Cross selling;Vendedor 18;Brasil;12;Time 1; R$ 305.182,08 ;
Cliente 14;2021-3604;Serviços;27/04/2021;Upselling;Vendedor 18;Brasil;12;Time 1; R$ 1.718.115,84 ;
Cliente 140;2020-3041;Produtos;14/12/2020;Novo Logo;Vendedor 22;Brasil;73;Time 11; R$ 606.000,00 ;
Cliente 140;2020-3042;Produtos;14/12/2020;Novo Logo;Vendedor 22;Brasil;61;Time 11; R$ 1.544.000,00 ;
Cliente 141;2020-2884;Serviços;14/12/2020;Novo Logo;Vendedor 20;Brasil;2;Time 3; R$ 108.000,00 ;
Cliente 142;2020-3029;Produtos;15/12/2020;Novo Logo;Vendedor 17;Brasil;24;Time 8; R$ 39.200,00 ;
Cliente 143;2020-3034;Produtos;16/12/2020;Novo Logo;Vendedor 17;Brasil;12;Time 8; R$ 27.477,00 ;
Cliente 144;2020-3028;Produtos;16/12/2020;Novo Logo;Vendedor 17;Brasil;12;Time 8; R$ 2.500,00 ;
Cliente 145;2020-2211;Serviços;16/12/2020;Cross selling;Vendedor 13;Brasil;13;Time 3; R$ 585.205,25 ;
Cliente 145;2021-3279;Produtos;16/12/2020;Novo Logo;Vendedor 13;Brasil;37;Time 3; R$ 696.344,04 ;
Cliente 146;2020-2986;Licenciamento;29/12/2020;Novo Logo;Vendedor 12;Colombia;11;Time 10; R$ 429.642,96 ;
Cliente 147;2020-3147;Produtos;31/12/2020;Novo Logo;Vendedor 17;Brasil;24;Time 8; R$ 30.800,00 ;
Cliente 148;2021-3538;Produtos;12/02/2021;Novo Logo;Vendedor 24;Brasil;61;Time 11; R$ 463.970,00 ;
Cliente 149;2021-3564;Produtos;25/02/2021;Novo Logo;Vendedor 20;Brasil;61;Time 3; R$ 144.000,00 ;
Cliente 149;2020-3154;Produtos;25/02/2021;Novo Logo;Vendedor 20;Brasil;61;Time 3; R$ 1.427.952,00 ;
Cliente 15;2017-0005;Serviços;27/03/2018;Novo Logo;Vendedor 5;Colombia;5;Time 3; R$ 913.900,00 ;
Cliente 15;2019-1003;Serviços;31/03/2019;Upselling;Vendedor 12;Colombia;4;Time 6; R$ 757.427,76 ;
Cliente 15;2019-1397;Serviços;04/07/2019;Upselling;Vendedor 12;Colombia;1;Time 6; R$ 71.958,00 ;
Cliente 15;2019-1710;Serviços;27/12/2019;Upselling;Vendedor 12;Colombia;1;Time 6; R$ 111.996,72 ;
Cliente 150;2021-3369;Produtos;25/02/2021;Novo Logo;Vendedor 26;Brasil;61;Time 12; R$ 384.000,00 ;
Cliente 151;2021-3303;Produtos;01/03/2021;Novo Logo;Vendedor 17;Brasil;24;Time 8; R$ 77.000,00 ;
Cliente 152;2021-3655;Produtos;17/03/2021;Novo Logo;Vendedor 27;Brasil;61;Time 12; R$ 420.000,00 ;
Cliente 153;2021-3282;Produtos;29/03/2021;Novo Logo;Vendedor 19;Brasil;60;Time 3; R$ 330.000,00 ;
Cliente 154;2021-3591;Produtos;29/03/2021;Novo Logo;Vendedor 19;Brasil;37;Time 3; R$ 34.920,00 ;
Cliente 155;2021-3280;Produtos;31/03/2021;Novo Logo;Vendedor 24;Brasil;24;Time 11; R$ 120.000,00 ;
Cliente 156;2021-3471;Produtos;31/03/2021;Novo Logo;Vendedor 7;Brasil;22;Time 5; R$ 4.775.245,00 ;
Cliente 157;2021-3766;Produtos;31/03/2021;Novo Logo;Vendedor 7;Brasil;61;Time 5; R$ 145.000,00 ;
Cliente 158;2019-1649;Licenciamento;26/04/2021;Novo Logo;Vendedor 12;Colombia;24;Time 10; R$ 534.905,70 ;
Cliente 159;2021-3375;Produtos;29/04/2021;Novo Logo;Vendedor 25;Brasil;24;Time 3; R$ 30.720,00 ;
Cliente 16;2018-0086;Produtos;04/04/2018;Upselling;Vendedor 1;Brasil;8;Time 1; R$ 231.587,20 ;
Cliente 16;2018-0373;Produtos;28/09/2018;Cross selling;Vendedor 1;Brasil;12;Time 1; R$ 366.000,00 ;
Cliente 16;2018-0069;Produtos;30/11/2018;Upselling;Vendedor 1;Brasil;6;Time 1; R$ 489.617,84 ;
Cliente 16;2018-0564;Serviços;13/12/2018;Upselling;Vendedor 1;Brasil;4;Time 1; R$ 182.606,34 ;
Cliente 16;2019-1179;Serviços;21/05/2019;Cross selling;Vendedor 1;Brasil;3;Time 1; R$ 230.882,76 ;
Cliente 16;2019-1243;Serviços;26/06/2019;Upselling;Vendedor 1;Brasil;3;Time 1; R$ 103.913,36 ;
Cliente 16;2018-0137;Serviços;18/09/2019;Upselling;Vendedor 1;Brasil;1;Time 1; R$ 517.224,00 ;
Cliente 16;2019-1330;Serviços;20/09/2019;Upselling;Vendedor 1;Brasil;1;Time 1; R$ 127.502,28 ;
Cliente 16;2019-1358;Serviços;01/10/2019;Upselling;Vendedor 1;Brasil;5;Time 1; R$ 380.785,85 ;
Cliente 16;2019-1586;Serviços;14/10/2019;Upselling;Vendedor 1;Brasil;1;Time 1; R$ 103.569,45 ;
Cliente 16;2019-0853;Produtos;22/11/2019;Renovação;Vendedor 1;Brasil;12;Time 1; R$ 438.000,00 ;
Cliente 16;2019-1709;Serviços;29/11/2019;Upselling;Vendedor 1;Brasil;1;Time 1; R$ 118.000,00 ;
Cliente 16;2019-1708;Produtos;29/11/2019;Upselling;Vendedor 1;Brasil;6;Time 1; R$ 148.000,00 ;
Cliente 16;2019-1763;Licenciamento;13/12/2019;Cross selling;Vendedor 1;Brasil;12;Time 1; R$ 320.000,00 ;
Cliente 16;2020-2552;Serviços;22/09/2020;Upselling;Vendedor 20;Brasil;6;Time 3; R$ 518.000,00 ;
Cliente 16;2020-2094;Serviços;22/09/2020;Cross selling;Vendedor 20;Brasil;13;Time 3; R$ 550.000,00 ;
Cliente 16;2020-2457;Serviços;19/10/2020;Cross selling;Vendedor 20;Brasil;3;Time 3; R$ 320.000,00 ;
Cliente 16;2020-2460;Produtos;30/11/2020;Renovação;Vendedor 20;Brasil;12;Time 3; R$ 438.000,00 ;
Cliente 16;2021-3705;Serviços;25/03/2021;Upselling;Vendedor 20;Brasil;2;Time 3; R$ 27.936,00 ;
Cliente 160;2021-3843;Produtos;30/04/2021;Novo Logo;Vendedor 21;Brasil;67;Time 3; R$ 1.658.000,00 ;
Cliente 17;2018-0172;Serviços;18/04/2018;Cross selling;Vendedor 3;Brasil;1;Time 1; R$ 37.710,00 ;
Cliente 17;2017-0135;Licenciamento;18/04/2018;Cross selling;Vendedor 3;Brasil;12;Time 1; R$ 288.290,00 ;
Cliente 17;2018-0351;Licenciamento;24/09/2019;Renovação;Vendedor 3;Brasil;37;Time 1; R$ 1.072.800,00 ;
Cliente 18;2018-0177;Serviços;19/04/2018;Upselling;Vendedor 3;Brasil;1;Time 1; R$ 6.000,00 ;
Cliente 19;2018-0182;Serviços;23/04/2018;Novo Logo;Vendedor 3;Brasil;1;Time 1; R$ 6.720,00 ;
Cliente 2;2017-0026;Licenciamento;08/01/2018;Upselling;Vendedor 2;Brasil;13;Time 2; R$ 323.719,72 ;
Cliente 2;2018-0368;Licenciamento;27/09/2018;Upselling;Vendedor 2;Brasil;12;Time 2; R$ 154.000,00 ;
Cliente 2;2018-0547;Licenciamento;05/11/2018;Upselling;Vendedor 7;Brasil;12;Time 5; R$ 132.000,00 ;
Cliente 2;2018-0610;Licenciamento;26/02/2019;Upselling;Vendedor 3;Brasil;12;Time 1; R$ 695.000,00 ;
Cliente 2;2019-0932;Licenciamento;28/02/2019;Upselling;Vendedor 3;Brasil;12;Time 1; R$ 66.000,00 ;
Cliente 2;2019-0933;Licenciamento;28/02/2019;Upselling;Vendedor 3;Brasil;12;Time 1; R$ 132.000,00 ;
Cliente 2;2018-0631;Serviços;18/04/2019;Cross selling;Vendedor 3;Brasil;2;Time 1; R$ 295.000,00 ;
Cliente 2;2019-1234;Licenciamento;15/05/2019;Upselling;Vendedor 3;Brasil;12;Time 1; R$ 22.000,00 ;
Cliente 2;2019-1364;Licenciamento;01/07/2019;Upselling;Vendedor 3;Brasil;12;Time 1; R$ 22.000,00 ;
Cliente 2;2019-1382;Licenciamento;03/07/2019;Upselling;Vendedor 3;Brasil;12;Time 1; R$ 22.000,00 ;
Cliente 2;2019-1318;Licenciamento;03/10/2019;Upselling;Vendedor 3;Brasil;24;Time 1; R$ 4.134.303,11 ;
Cliente 2;2019-1874;Licenciamento;19/11/2019;Upselling;Vendedor 3;Brasil;12;Time 1; R$ 120.612,00 ;
Cliente 2;2019-1682;Licenciamento;19/11/2019;Upselling;Vendedor 3;Brasil;12;Time 1; R$ 160.816,00 ;
Cliente 2;2019-1875;Licenciamento;27/11/2019;Upselling;Vendedor 3;Brasil;12;Time 1; R$ 20.102,00 ;
Cliente 2;2020-2724;Licenciamento;25/09/2020;Upselling;Vendedor 3;Brasil;12;Time 1; R$ 60.306,00 ;
Cliente 2;2020-3075;Licenciamento;14/12/2020;Renovação;Vendedor 3;Brasil;13;Time 1; R$ 49.844,10 ;
Cliente 2;2020-2899;Licenciamento;14/12/2020;Renovação;Vendedor 3;Brasil;13;Time 1; R$ 424.654,80 ;
Cliente 2;2020-2950;Licenciamento;14/12/2020;Cross selling;Vendedor 3;Brasil;12;Time 1; R$ 616.738,68 ;
Cliente 2;2020-2592;Licenciamento;11/01/2021;Upselling;Vendedor 3;Brasil;12;Time 1; R$ 416.110,71 ;
Cliente 2;2021-3414;Serviços;02/02/2021;Cross selling;Vendedor 3;Brasil;12;Time 1; R$ 36.800,00 ;
Cliente 2;2021-3418;Serviços;02/02/2021;Cross selling;Vendedor 3;Brasil;12;Time 1; R$ 51.029,45 ;
Cliente 20;2018-0036;Serviços;30/04/2018;Novo Logo;Vendedor 1;Brasil;1;Time 1; R$ 29.200,00 ;
Cliente 21;2018-0102;Serviços;30/04/2018;Upselling;Vendedor 3;Brasil;11;Time 1; R$ 380.400,00 ;
Cliente 21;2020-2275;Serviços;30/04/2020;Cross selling;Vendedor 3;Brasil;12;Time 1; R$ 94.331,34 ;
Cliente 21;2020-2274;Serviços;30/04/2020;Cross selling;Vendedor 3;Brasil;12;Time 1; R$ 1.011.387,74 ;
Cliente 21;2020-2058;Licenciamento;30/04/2020;Cross selling;Vendedor 3;Brasil;24;Time 1; R$ 5.039.994,61 ;
Cliente 21;2021-3899;Serviços;30/04/2021;Upselling;Vendedor 29;Brasil;12;Time 1; R$ 320.439,68 ;
Cliente 21;2021-3716;Licenciamento;30/04/2021;Renovação;Vendedor 29;Brasil;37;Time 1; R$ 18.192.880,38 ;
Cliente 22;2018-0164;Produtos;30/04/2018;Novo Logo;Vendedor 1;Brasil;3;Time 1; R$ 50.000,00 ;
Cliente 23;2017-0018;Produtos;04/05/2018;Cross selling;Vendedor 1;Brasil;7;Time 1; R$ 332.463,36 ;
Cliente 23;2017-0209;Licenciamento;26/07/2018;Renovação;Vendedor 1;Brasil;12;Time 1; R$ 235.386,18 ;
Cliente 23;2018-0226;Produtos;26/07/2018;Cross selling;Vendedor 1;Brasil;12;Time 1; R$ 408.000,00 ;
Cliente 23;2018-0648;Licenciamento;26/06/2019;Renovação;Vendedor 1;Brasil;12;Time 1; R$ 235.386,18 ;
Cliente 23;2019-0854;Produtos;28/08/2019;Renovação;Vendedor 1;Brasil;12;Time 1; R$ 360.000,00 ;
Cliente 23;2019-1901;Serviços;16/12/2019;Cross selling;Vendedor 9;Brasil;5;Time 3; R$ 359.186,94 ;
Cliente 23;2020-2551;Serviços;14/08/2020;Renovação;Vendedor 20;Brasil;12;Time 3; R$ 303.590,40 ;
Cliente 23;2020-2868;Produtos;30/09/2020;Upselling;Vendedor 20;Brasil;24;Time 3; R$ 226.000,00 ;
Cliente 24;2017-0123;Serviços;08/05/2018;Upselling;Vendedor 2;Brasil;11;Time 2; R$ 310.464,00 ;
Cliente 24;2017-0136;Licenciamento;09/05/2018;Renovação;Vendedor 2;Brasil;12;Time 2; R$ 184.824,00 ;
Cliente 24;2018-0384;Licenciamento;28/09/2018;Upselling;Vendedor 1;Brasil;8;Time 1; R$ 67.619,11 ;
Cliente 24;2018-0478;Produtos;28/09/2018;Upselling;Vendedor 1;Brasil;6;Time 1; R$ 155.232,00 ;
Cliente 24;2019-0968;Serviços;14/03/2019;Upselling;Vendedor 1;Brasil;12;Time 1; R$ 310.464,00 ;
Cliente 24;2019-0999;Serviços;25/03/2019;Upselling;Vendedor 1;Brasil;13;Time 1; R$ 310.464,00 ;
Cliente 24;2018-0343;Licenciamento;05/04/2019;Renovação;Vendedor 1;Brasil;12;Time 1; R$ 385.335,65 ;
Cliente 24;2019-1297;Serviços;28/06/2019;Upselling;Vendedor 1;Brasil;12;Time 1; R$ 310.464,00 ;
Cliente 24;2019-1580;Licenciamento;23/09/2019;Upselling;Vendedor 1;Brasil;12;Time 1; R$ 160.371,66 ;
Cliente 24;2020-1978;Serviços;23/01/2020;Renovação;Vendedor 9;Brasil;12;Time 3; R$ 310.464,00 ;
Cliente 24;2020-2281;Serviços;25/06/2020;Cross selling;Vendedor 9;Brasil;1;Time 3; R$ 379.663,20 ;
Cliente 24;2020-2065;Licenciamento;25/06/2020;Renovação;Vendedor 9;Brasil;12;Time 3; R$ 1.110.336,08 ;
Cliente 24;2020-2938;Licenciamento;19/04/2021;Renovação;Vendedor 9;Brasil;1;Time 3; R$ 1.440.707,04 ;
Cliente 25;2018-0196;Licenciamento;15/05/2018;Novo Logo;Vendedor 3;Brasil;12;Time 1; R$ 18.053,67 ;
Cliente 25;2018-0344;Licenciamento;10/05/2019;Renovação;Vendedor 3;Brasil;12;Time 1; R$ 22.895,98 ;
Cliente 26;2018-0167;Serviços;22/05/2018;Upselling;Vendedor 6;Brasil;4;Time 3; R$ 233.023,49 ;
Cliente 26;2018-0251;Produtos;22/05/2018;Upselling;Vendedor 6;Brasil;12;Time 3; R$ 454.798,56 ;
Cliente 26;2017-0137;Serviços;24/05/2018;Renovação;Vendedor 4;Brasil;1;Time 2; R$ 36.000,00 ;
Cliente 26;2018-0312;Serviços;20/06/2018;Cross selling;Vendedor 6;Brasil;1;Time 3; R$ 8.990,00 ;
Cliente 26;2018-0256;Serviços;30/07/2018;Upselling;Vendedor 6;Brasil;2;Time 3; R$ 75.799,76 ;
Cliente 26;2018-0426;Serviços;31/08/2018;Upselling;Vendedor 6;Brasil;13;Time 3; R$ 454.798,56 ;
Cliente 26;2018-0526;Serviços;05/11/2018;Upselling;Vendedor 6;Brasil;2;Time 3; R$ 75.799,76 ;
Cliente 26;2018-0577;Serviços;23/11/2018;Upselling;Vendedor 6;Brasil;3;Time 3; R$ 113.699,64 ;
Cliente 26;2018-0449;Serviços;30/11/2018;Upselling;Vendedor 6;Brasil;2;Time 3; R$ 245.970,21 ;
Cliente 26;2018-0581;Serviços;21/12/2018;Upselling;Vendedor 6;Brasil;1;Time 3; R$ 151.599,52 ;
Cliente 26;2018-0481;Serviços;21/12/2018;Upselling;Vendedor 6;Brasil;10;Time 3; R$ 378.998,80 ;
Cliente 26;2019-0887;Serviços;12/02/2019;Upselling;Vendedor 6;Brasil;3;Time 3; R$ 113.699,64 ;
Cliente 26;2019-0693;Produtos;18/02/2019;Upselling;Vendedor 6;Brasil;3;Time 3; R$ 56.849,82 ;
Cliente 26;2019-0884;Serviços;27/02/2019;Upselling;Vendedor 6;Brasil;1;Time 3; R$ 37.899,88 ;
Cliente 26;2019-1337;Serviços;19/06/2019;Upselling;Vendedor 10;Brasil;7;Time 7; R$ 189.499,40 ;
Cliente 26;2019-1393;Serviços;25/07/2019;Upselling;Vendedor 10;Brasil;12;Time 7; R$ 324.499,20 ;
Cliente 26;2019-1637;Serviços;24/09/2019;Cross selling;Vendedor 10;Brasil;3;Time 7; R$ 113.699,64 ;
Cliente 26;2018-0342;Licenciamento;23/10/2019;Upselling;Vendedor 10;Brasil;12;Time 7; R$ 595.017,00 ;
Cliente 26;2019-1638;Serviços;27/11/2019;Upselling;Vendedor 10;Brasil;8;Time 7; R$ 303.199,04 ;
Cliente 26;2019-1784;Serviços;28/11/2019;Upselling;Vendedor 10;Brasil;13;Time 7; R$ 324.506,82 ;
Cliente 26;2019-1905;Serviços;28/02/2020;Upselling;Vendedor 18;Brasil;13;Time 1; R$ 624.960,00 ;
Cliente 26;2020-2676;Licenciamento;22/10/2020;Upselling;Vendedor 18;Brasil;12;Time 1; R$ 703.362,68 ;
Cliente 26;2020-2454;Serviços;02/12/2020;Cross selling;Vendedor 18;Brasil;3;Time 1; R$ 169.013,97 ;
Cliente 26;2021-3500;Serviços;05/04/2021;Upselling;Vendedor 18;Brasil;2;Time 1; R$ 29.999,50 ;
Cliente 26;2020-3055;Serviços;29/04/2021;Renovação;Vendedor 18;Brasil;12;Time 1; R$ 704.098,56 ;
Cliente 27;2018-0362;Produtos;21/06/2018;Novo Logo;Vendedor 7;Brasil;6;Time 5; R$ 296.000,00 ;
Cliente 27;2018-0471;Produtos;17/09/2018;Upselling;Vendedor 7;Brasil;6;Time 5; R$ 184.000,00 ;
Cliente 27;2020-2109;Serviços;30/03/2020;Cross selling;Vendedor 14;Brasil;5;Time 3; R$ 70.855,18 ;
Cliente 27;2020-2431;Serviços;24/07/2020;Cross selling;Vendedor 14;Brasil;1;Time 3; R$ 75.001,48 ;
Cliente 28;2018-0303;Produtos;29/06/2018;Novo Logo;Vendedor 1;Brasil;24;Time 1; R$ 233.600,00 ;
Cliente 29;2018-0397;Licenciamento;30/07/2018;Upselling;Vendedor 2;Brasil;12;Time 2; R$ 175.451,01 ;
Cliente 29;2018-0515;Licenciamento;23/10/2018;Upselling;Vendedor 2;Brasil;12;Time 2; R$ 225.579,87 ;
Cliente 29;2018-0635;Licenciamento;28/02/2019;Renovação;Vendedor 9;Brasil;12;Time 3; R$ 329.425,17 ;
Cliente 3;2018-0041;Serviços;11/01/2018;Cross selling;Vendedor 2;Brasil;1;Time 2; R$ 327.260,83 ;
Cliente 3;2018-0156;Serviços;29/03/2018;Upselling;Vendedor 4;Brasil;1;Time 2; R$ 203.403,76 ;
Cliente 3;2018-0040;Licenciamento;29/03/2018;Cross selling;Vendedor 4;Brasil;12;Time 2; R$ 1.631.893,57 ;
Cliente 3;2018-9999;Licenciamento;28/09/2018;Renovação;Vendedor 4;Brasil;12;Time 2; R$ 5.927.305,00 ;
Cliente 3;2018-0677;Licenciamento;15/01/2019;Upselling;Vendedor 10;Brasil;33;Time 7; R$ 160.519,81 ;
Cliente 3;2019-0873;Licenciamento;31/01/2019;Upselling;Vendedor 10;Brasil;32;Time 7; R$ 1.142.316,45 ;
Cliente 3;2019-1139;Licenciamento;18/04/2019;Upselling;Vendedor 10;Brasil;12;Time 7; R$ 129.408,43 ;
Cliente 3;2019-1159;Licenciamento;18/04/2019;Upselling;Vendedor 10;Brasil;12;Time 7; R$ 310.580,23 ;
Cliente 3;2019-1247;Serviços;27/05/2019;Cross selling;Vendedor 10;Brasil;1;Time 7; R$ 258.249,27 ;
Cliente 3;2018-0430;Serviços;27/05/2019;Cross selling;Vendedor 10;Brasil;1;Time 7; R$ 274.075,07 ;
Cliente 3;2018-0346;Licenciamento;07/08/2019;Renovação;Vendedor 10;Brasil;37;Time 7; R$ 2.266.667,00 ;
Cliente 3;2019-1478;Licenciamento;09/08/2019;Upselling;Vendedor 10;Brasil;2;Time 7; R$ 18.503,55 ;
Cliente 3;2019-1479;Licenciamento;09/08/2019;Upselling;Vendedor 10;Brasil;12;Time 7; R$ 104.272,50 ;
Cliente 3;2019-1480;Licenciamento;16/08/2019;Upselling;Vendedor 10;Brasil;12;Time 7; R$ 104.272,50 ;
Cliente 3;2019-1651;Licenciamento;26/09/2019;Renovação;Vendedor 10;Brasil;12;Time 7; R$ 5.927.305,92 ;
Cliente 3;2019-1160;Licenciamento;01/10/2019;Upselling;Vendedor 10;Brasil;12;Time 7; R$ 310.580,23 ;
Cliente 3;2019-1659;Licenciamento;13/12/2019;Renovação;Vendedor 10;Brasil;22;Time 7; R$ 578.403,08 ;
Cliente 3;2018-0685;Licenciamento;17/01/2020;Renovação;Vendedor 10;Brasil;12;Time 3; R$ 160.519,84 ;
Cliente 3;2018-0686;Licenciamento;22/01/2020;Renovação;Vendedor 10;Brasil;9;Time 3; R$ 113.902,88 ;
Cliente 3;2019-1915;Licenciamento;24/01/2020;Renovação;Vendedor 10;Brasil;12;Time 3; R$ 6.383.772,66 ;
Cliente 3;2020-2099;Licenciamento;24/01/2020;Renovação;Vendedor 10;Brasil;4;Time 3; R$ 12.539.816,58 ;
Cliente 3;2019-1554;Licenciamento;13/03/2020;Renovação;Vendedor 10;Brasil;12;Time 3; R$ 2.266.666,90 ;
Cliente 3;2020-2245;Licenciamento;29/04/2020;Renovação;Vendedor 3;Brasil;12;Time 1; R$ 671.738,63 ;
Cliente 3;2020-2591;Serviços;01/09/2020;Cross selling;Vendedor 3;Brasil;12;Time 1; R$ 127.284,00 ;
Cliente 3;2020-2165;Licenciamento;02/10/2020;Renovação;Vendedor 3;Brasil;12;Time 1; R$ 548.760,08 ;
Cliente 3;2020-3199;Licenciamento;15/01/2021;Renovação;Vendedor 3;Brasil;25;Time 1; R$ 390.371,61 ;
Cliente 3;2020-3200;Licenciamento;19/01/2021;Renovação;Vendedor 3;Brasil;25;Time 1; R$ 1.171.114,79 ;
Cliente 3;2021-3656;Produtos;07/04/2021;Upselling;Vendedor 28;Brasil;22;Time 1; R$ 1.305.402,59 ;
Cliente 3;2021-3846;Produtos;20/04/2021;Cross selling;Vendedor 23;Brasil;13;Time 1; R$ 52.287,69 ;
Cliente 3;2021-3656;Produtos;23/04/2021;Upselling;Vendedor 28;Brasil;22;Time 1; R$ 1.345.026,41 ;
Cliente 3;2021-3662;Produtos;30/04/2021;Upselling;Vendedor 28;Brasil;12;Time 1; R$ 656.708,75 ;
Cliente 30;2018-0273;Licenciamento;31/07/2018;Upselling;Vendedor 8;Mexico;6;Time 6; R$ 87.262,50 ;
Cliente 30;2018-0258;Licenciamento;22/11/2018;Novo Logo;Vendedor 8;Mexico;38;Time 6; R$ 2.029.860,00 ;
Cliente 30;2018-0401;Licenciamento;25/01/2019;Renovação;Vendedor 8;Mexico;12;Time 6; R$ 523.575,00 ;
Cliente 30;2019-0958;Licenciamento;28/03/2019;Upselling;Vendedor 8;Mexico;10;Time 6; R$ 174.927,75 ;
Cliente 30;2019-0692;Licenciamento;31/07/2019;Upselling;Vendedor 8;Mexico;12;Time 6; R$ 515.520,00 ;
Cliente 30;2019-1776;Licenciamento;31/10/2019;Upselling;Vendedor 8;Mexico;12;Time 6; R$ 607.669,20 ;
Cliente 30;2019-0837;Licenciamento;31/10/2019;Renovação;Vendedor 8;Mexico;12;Time 6; R$ 998.820,00 ;
Cliente 30;2019-0836;Licenciamento;31/01/2020;Renovação;Vendedor 8;Mexico;24;Time 9; R$ 1.466.010,00 ;
Cliente 30;2020-2090;Licenciamento;23/03/2020;Upselling;Vendedor 8;Mexico;38;Time 9; R$ 676.620,00 ;
Cliente 30;2019-1803;Licenciamento;30/06/2020;Renovação;Vendedor 8;Mexico;24;Time 9; R$ 3.640.860,00 ;
Cliente 30;2019-1804;Licenciamento;22/07/2020;Renovação;Vendedor 8;Mexico;13;Time 9; R$ 303.539,25 ;
Cliente 30;2020-2247;Licenciamento;27/07/2020;Upselling;Vendedor 8;Mexico;12;Time 9; R$ 689.373,75 ;
Cliente 30;2020-2514;Licenciamento;17/08/2020;Renovação;Vendedor 8;Mexico;14;Time 9; R$ 601.440,00 ;
Cliente 30;2019-1808;Licenciamento;26/10/2020;Renovação;Vendedor 8;Mexico;12;Time 9; R$ 481.689,00 ;
Cliente 30;2019-1809;Licenciamento;28/10/2020;Renovação;Vendedor 8;Mexico;12;Time 9; R$ 966.637,05 ;
Cliente 30;2021-3291;Licenciamento;10/02/2021;Renovação;Vendedor 8;Mexico;12;Time 9; R$ 733.005,00 ;
Cliente 30;2021-3494;Licenciamento;23/02/2021;Upselling;Vendedor 8;Mexico;12;Time 9; R$ 104.716,07 ;
Cliente 30;2021-3600;Licenciamento;22/03/2021;Upselling;Vendedor 8;Mexico;2;Time 9; R$ 117.472,83 ;
Cliente 30;2021-3290;Licenciamento;25/03/2021;Renovação;Vendedor 8;Mexico;12;Time 9; R$ 676.620,00 ;
Cliente 30;2021-3270;Licenciamento;30/03/2021;Novo Logo;Vendedor 8;Mexico;12;Time 9; R$ 2.353.413,24 ;
Cliente 31;2018-0472;Serviços;24/09/2018;Novo Logo;Vendedor 4;Brasil;5;Time 2; R$ 240.000,00 ;
Cliente 31;2018-0578;Serviços;21/11/2018;Upselling;Vendedor 9;Brasil;1;Time 3; R$ 32.100,00 ;
Cliente 31;2018-0622;Serviços;09/12/2018;Upselling;Vendedor 9;Brasil;1;Time 3; R$ 21.300,00 ;
Cliente 31;2018-0675;Serviços;21/12/2018;Upselling;Vendedor 9;Brasil;2;Time 3; R$ 96.000,00 ;
Cliente 31;2018-0580;Serviços;30/01/2019;Upselling;Vendedor 9;Brasil;6;Time 3; R$ 270.000,00 ;
Cliente 31;2019-1000;Serviços;25/03/2019;Upselling;Vendedor 9;Brasil;2;Time 3; R$ 134.160,00 ;
Cliente 31;2019-0926;Serviços;26/04/2019;Upselling;Vendedor 9;Brasil;2;Time 3; R$ 91.200,00 ;
Cliente 31;2019-1344;Serviços;26/06/2019;Upselling;Vendedor 9;Brasil;1;Time 3; R$ 15.568,60 ;
Cliente 31;2019-1612;Serviços;24/09/2019;Upselling;Vendedor 9;Brasil;2;Time 3; R$ 84.000,00 ;
Cliente 31;2019-1634;Serviços;30/09/2019;Upselling;Vendedor 9;Brasil;2;Time 3; R$ 91.200,00 ;
Cliente 31;2019-1609;Serviços;30/09/2019;Upselling;Vendedor 9;Brasil;4;Time 3; R$ 501.840,00 ;
Cliente 31;2019-1723;Serviços;14/10/2019;Upselling;Vendedor 9;Brasil;3;Time 3; R$ 142.560,00 ;
Cliente 31;2019-1869;Serviços;19/11/2019;Upselling;Vendedor 9;Brasil;1;Time 3; R$ 9.600,00 ;
Cliente 31;2019-1868;Serviços;22/11/2019;Cross selling;Vendedor 9;Brasil;2;Time 3; R$ 56.160,00 ;
Cliente 32;2018-0475;Serviços;24/09/2018;Novo Logo;Vendedor 3;Brasil;1;Time 1; R$ 32.000,00 ;
Cliente 32;2019-1422;Serviços;15/08/2019;Cross selling;Vendedor 3;Brasil;2;Time 1; R$ 104.144,28 ;
Cliente 32;2019-1543;Serviços;30/08/2019;Upselling;Vendedor 3;Brasil;1;Time 1; R$ 247.445,32 ;
Cliente 33;2018-0451;Produtos;25/09/2018;Novo Logo;Vendedor 9;Brasil;12;Time 3; R$ 316.200,00 ;
Cliente 33;2019-0848;Produtos;22/11/2019;Renovação;Vendedor 9;Brasil;12;Time 3; R$ 115.736,13 ;
Cliente 33;2019-1911;Serviços;22/11/2019;Renovação;Vendedor 9;Brasil;12;Time 3; R$ 161.840,64 ;
Cliente 33;2021-3678;Produtos;22/03/2021;Upselling;Vendedor 9;Brasil;2;Time 3; R$ 19.289,36 ;
Cliente 34;2018-0376;Licenciamento;27/09/2018;Novo Logo;Vendedor 4;Brasil;49;Time 2; R$ 962.695,00 ;
Cliente 34;2018-0448;Serviços;28/09/2018;Cross selling;Vendedor 4;Brasil;1;Time 2; R$ 36.000,00 ;
Cliente 34;2018-0567;Serviços;12/11/2018;Cross selling;Vendedor 4;Brasil;1;Time 2; R$ 8.990,00 ;
Cliente 34;2019-1790;Serviços;12/12/2019;Upselling;Vendedor 13;Brasil;1;Time 3; R$ 15.000,00 ;
Cliente 34;2020-2102;Produtos;16/03/2020;Upselling;Vendedor 13;Brasil;36;Time 3; R$ 712.800,00 ;
Cliente 34;2020-2420;Serviços;30/06/2020;Upselling;Vendedor 13;Brasil;12;Time 3; R$ 151.430,40 ;
Cliente 34;2020-2222;Licenciamento;30/06/2020;Upselling;Vendedor 13;Brasil;27;Time 3; R$ 900.000,00 ;
Cliente 34;2020-2995;Produtos;14/12/2020;Renovação;Vendedor 13;Brasil;6;Time 3; R$ 151.435,02 ;
Cliente 35;2018-0269;Licenciamento;28/09/2018;Renovação;Vendedor 8;Mexico;12;Time 6; R$ 1.040.437,50 ;
Cliente 36;2018-0486;Serviços;01/10/2018;Novo Logo;Vendedor 3;Brasil;1;Time 1; R$ 31.200,00 ;
Cliente 37;2018-0439;Licenciamento;11/10/2018;Renovação;Vendedor 8;Mexico;12;Time 6; R$ 593.385,00 ;
Cliente 37;2018-0534;Licenciamento;30/10/2018;Novo Logo;Vendedor 8;Mexico;12;Time 6; R$ 429.600,00 ;
Cliente 37;2018-0458;Licenciamento;20/11/2018;Renovação;Vendedor 8;Mexico;12;Time 6; R$ 418.860,00 ;
Cliente 37;2018-0291;Licenciamento;29/11/2018;Renovação;Vendedor 8;Mexico;12;Time 6; R$ 279.240,00 ;
Cliente 37;2018-0613;Licenciamento;18/12/2018;Upselling;Vendedor 8;Mexico;11;Time 6; R$ 884.443,35 ;
Cliente 37;2018-0684;Licenciamento;27/12/2018;Upselling;Vendedor 8;Mexico;10;Time 6; R$ 214.681,86 ;
Cliente 37;2019-1002;Licenciamento;26/03/2019;Upselling;Vendedor 8;Mexico;7;Time 6; R$ 25.738,41 ;
Cliente 37;2019-1079;Licenciamento;27/07/2019;Upselling;Vendedor 8;Mexico;16;Time 6; R$ 1.981.245,39 ;
Cliente 37;2019-1716;Licenciamento;16/10/2019;Upselling;Vendedor 8;Mexico;12;Time 6; R$ 418.860,00 ;
Cliente 38;2018-0438;Licenciamento;31/10/2018;Upselling;Vendedor 8;Mexico;15;Time 6; R$ 322.200,00 ;
Cliente 38;2018-0290;Licenciamento;24/01/2019;Renovação;Vendedor 8;Mexico;12;Time 6; R$ 644.400,00 ;
Cliente 38;2019-1792;Licenciamento;14/01/2020;Renovação;Vendedor 8;Mexico;12;Time 9; R$ 257.760,00 ;
Cliente 38;2020-1956;Licenciamento;14/01/2020;Renovação;Vendedor 8;Mexico;12;Time 9; R$ 687.360,00 ;
Cliente 38;2019-0839;Licenciamento;17/01/2020;Renovação;Vendedor 8;Mexico;12;Time 9; R$ 257.760,00 ;
Cliente 39;2018-0570;Serviços;12/11/2018;Upselling;Vendedor 6;Brasil;1;Time 3; R$ 4.495,00 ;
Cliente 4;2018-0035;Serviços;24/01/2018;Upselling;Vendedor 2;Brasil;3;Time 2; R$ 198.750,00 ;
Cliente 4;2018-0090;Serviços;31/01/2018;Upselling;Vendedor 2;Brasil;12;Time 2; R$ 139.552,00 ;
Cliente 4;2017-0133;Licenciamento;31/01/2018;Upselling;Vendedor 2;Brasil;12;Time 2; R$ 249.819,77 ;
Cliente 4;2018-0089;Serviços;09/02/2018;Upselling;Vendedor 2;Brasil;5;Time 2; R$ 308.088,25 ;
Cliente 4;2017-0134;Licenciamento;14/02/2018;Upselling;Vendedor 2;Brasil;12;Time 2; R$ 254.476,08 ;
Cliente 4;2017-0105;Serviços;06/03/2018;Upselling;Vendedor 2;Brasil;11;Time 2; R$ 398.562,00 ;
Cliente 4;2018-0184;Serviços;24/04/2018;Upselling;Vendedor 2;Brasil;1;Time 2; R$ 80.000,00 ;
Cliente 4;2018-0381;Serviços;13/07/2018;Upselling;Vendedor 2;Brasil;3;Time 2; R$ 95.400,00 ;
Cliente 4;2018-0418;Serviços;15/08/2018;Upselling;Vendedor 2;Brasil;1;Time 2; R$ 48.150,00 ;
Cliente 4;2018-0477;Serviços;20/09/2018;Upselling;Vendedor 2;Brasil;2;Time 2; R$ 46.200,00 ;
Cliente 4;2018-0502;Licenciamento;24/10/2018;Upselling;Vendedor 2;Brasil;14;Time 2; R$ 206.191,57 ;
Cliente 4;2018-0503;Licenciamento;24/10/2018;Upselling;Vendedor 2;Brasil;14;Time 2; R$ 252.067,10 ;
Cliente 4;2018-0421;Licenciamento;24/10/2018;Upselling;Vendedor 2;Brasil;14;Time 2; R$ 294.737,19 ;
Cliente 4;2018-0422;Serviços;24/10/2018;Upselling;Vendedor 2;Brasil;5;Time 2; R$ 340.000,00 ;
Cliente 4;2018-0573;Licenciamento;12/11/2018;Upselling;Vendedor 3;Brasil;14;Time 1; R$ 90.784,44 ;
Cliente 4;2018-0605;Serviços;29/11/2018;Upselling;Vendedor 3;Brasil;8;Time 1; R$ 98.000,00 ;
Cliente 4;2018-0606;Licenciamento;29/11/2018;Upselling;Vendedor 3;Brasil;12;Time 1; R$ 136.176,66 ;
Cliente 4;2018-0559;Licenciamento;21/12/2018;Upselling;Vendedor 3;Brasil;12;Time 1; R$ 186.793,75 ;
Cliente 4;2018-0560;Serviços;21/12/2018;Upselling;Vendedor 3;Brasil;2;Time 1; R$ 278.927,69 ;
Cliente 4;2018-0548;Serviços;08/01/2019;Cross selling;Vendedor 3;Brasil;1;Time 1; R$ 15.899,16 ;
Cliente 4;2019-1168;Licenciamento;23/04/2019;Upselling;Vendedor 3;Brasil;12;Time 1; R$ 256.441,68 ;
Cliente 4;2019-0762;Licenciamento;23/04/2019;Upselling;Vendedor 3;Brasil;12;Time 1; R$ 963.921,84 ;
Cliente 4;2019-1256;Licenciamento;23/05/2019;Upselling;Vendedor 3;Brasil;15;Time 1; R$ 22.950,52 ;
Cliente 4;2019-1266;Serviços;28/05/2019;Upselling;Vendedor 3;Brasil;1;Time 1; R$ 58.000,00 ;
Cliente 4;2019-1267;Licenciamento;28/05/2019;Upselling;Vendedor 3;Brasil;13;Time 1; R$ 256.086,36 ;
Cliente 4;2019-1238;Serviços;25/06/2019;Upselling;Vendedor 14;Brasil;4;Time 3; R$ 109.845,66 ;
Cliente 4;2019-1076;Serviços;26/06/2019;Upselling;Vendedor 14;Brasil;8;Time 3; R$ 353.001,60 ;
Cliente 4;2019-1130;Licenciamento;26/08/2019;Upselling;Vendedor 3;Brasil;12;Time 1; R$ 45.901,05 ;
Cliente 4;2019-1170;Licenciamento;26/08/2019;Upselling;Vendedor 3;Brasil;12;Time 1; R$ 75.900,05 ;
Cliente 4;2019-1131;Serviços;26/08/2019;Upselling;Vendedor 3;Brasil;4;Time 1; R$ 647.795,56 ;
Cliente 4;2019-1571;Licenciamento;28/08/2019;Upselling;Vendedor 3;Brasil;12;Time 1; R$ 137.703,12 ;
Cliente 4;2019-1760;Serviços;14/11/2019;Upselling;Vendedor 3;Brasil;5;Time 1; R$ 262.889,30 ;
Cliente 4;2019-1724;Licenciamento;08/01/2020;Renovação;Vendedor 3;Brasil;12;Time 1; R$ 227.948,16 ;
Cliente 4;2020-1980;Licenciamento;27/02/2020;Renovação;Vendedor 3;Brasil;12;Time 1; R$ 220.330,44 ;
Cliente 4;2020-2154;Licenciamento;09/03/2020;Renovação;Vendedor 3;Brasil;12;Time 1; R$ 14.246,76 ;
Cliente 4;2020-2155;Licenciamento;09/03/2020;Renovação;Vendedor 3;Brasil;12;Time 1; R$ 116.001,00 ;
Cliente 4;2020-2074;Licenciamento;09/03/2020;Renovação;Vendedor 3;Brasil;12;Time 1; R$ 344.257,80 ;
Cliente 4;2020-2270;Serviços;20/04/2020;Renovação;Vendedor 3;Brasil;2;Time 1; R$ 175.607,50 ;
Cliente 4;2020-2347;Licenciamento;26/05/2020;Upselling;Vendedor 3;Brasil;12;Time 1; R$ 165.655,56 ;
Cliente 4;2019-1725;Licenciamento;26/05/2020;Renovação;Vendedor 3;Brasil;24;Time 1; R$ 388.818,40 ;
Cliente 4;2019-1656;Licenciamento;26/05/2020;Renovação;Vendedor 3;Brasil;24;Time 1; R$ 475.326,54 ;
Cliente 4;2020-1964;Licenciamento;12/06/2020;Upselling;Vendedor 3;Brasil;12;Time 1; R$ 87.605,18 ;
Cliente 4;2020-1960;Licenciamento;22/06/2020;Renovação;Vendedor 3;Brasil;12;Time 1; R$ 2.082.394,71 ;
Cliente 4;2020-2119;Serviços;25/06/2020;Renovação;Vendedor 3;Brasil;3;Time 1; R$ 78.120,00 ;
Cliente 4;2020-2330;Serviços;06/08/2020;Renovação;Vendedor 3;Brasil;8;Time 1; R$ 208.320,00 ;
Cliente 4;2020-2566;Serviços;21/08/2020;Upselling;Vendedor 3;Brasil;3;Time 1; R$ 139.230,00 ;
Cliente 4;2020-2606;Serviços;24/08/2020;Upselling;Vendedor 3;Brasil;1;Time 1; R$ 113.800,00 ;
Cliente 4;2020-2922;Licenciamento;15/10/2020;Upselling;Vendedor 3;Brasil;25;Time 1; R$ 333.238,92 ;
Cliente 4;2020-3062;Licenciamento;22/10/2020;Upselling;Vendedor 3;Brasil;12;Time 1; R$ 68.988,30 ;
Cliente 4;2020-2955;Licenciamento;22/10/2020;Upselling;Vendedor 3;Brasil;12;Time 1; R$ 83.309,70 ;
Cliente 4;2020-2942;Licenciamento;22/10/2020;Upselling;Vendedor 3;Brasil;25;Time 1; R$ 388.788,68 ;
Cliente 4;2020-2948;Licenciamento;30/10/2020;Upselling;Vendedor 3;Brasil;13;Time 1; R$ 275.950,08 ;
Cliente 4;2019-1822;Licenciamento;03/11/2020;Renovação;Vendedor 3;Brasil;13;Time 1; R$ 223.801,84 ;
Cliente 4;2020-2269;Licenciamento;18/12/2020;Upselling;Vendedor 3;Brasil;24;Time 1; R$ 748.118,92 ;
Cliente 4;2020-2491;Serviços;22/12/2020;Upselling;Vendedor 3;Brasil;3;Time 1; R$ 29.887,80 ;
Cliente 4;2020-3150;Licenciamento;02/02/2021;Renovação;Vendedor 3;Brasil;12;Time 1; R$ 137.275,36 ;
Cliente 4;2021-3620;Serviços;15/03/2021;Renovação;Vendedor 3;Brasil;9;Time 1; R$ 208.320,00 ;
Cliente 4;2021-3528;Licenciamento;19/03/2021;Renovação;Vendedor 3;Brasil;12;Time 1; R$ 382.597,81 ;
Cliente 4;2021-3802;Produtos;01/04/2021;Upselling;Vendedor 3;Brasil;12;Time 1; R$ 49.952,97 ;
Cliente 4;2020-3098;Produtos;30/04/2021;Cross selling;Vendedor 29;Brasil;12;Time 1; R$ 563.546,20 ;
Cliente 40;2018-0571;Serviços;12/11/2018;Upselling;Vendedor 3;Brasil;1;Time 1; R$ 4.495,00 ;
Cliente 40;2018-0572;Serviços;12/11/2018;Upselling;Vendedor 3;Brasil;1;Time 1; R$ 26.070,00 ;
Cliente 40;2019-1306;Serviços;17/06/2019;Upselling;Vendedor 3;Brasil;1;Time 1; R$ 22.474,98 ;
Cliente 41;2018-0490;Produtos;14/11/2018;Novo Logo;Vendedor 1;Brasil;2;Time 1; R$ 87.000,00 ;
Cliente 42;2018-0626;Serviços;12/12/2018;Novo Logo;Vendedor 9;Brasil;1;Time 3; R$ 48.000,00 ;
Cliente 42;2019-0922;Serviços;28/02/2019;Upselling;Vendedor 9;Brasil;2;Time 3; R$ 55.198,80 ;
Cliente 42;2019-1119;Produtos;28/03/2019;Upselling;Vendedor 11;Brasil;5;Time 3; R$ 150.000,00 ;
Cliente 42;2018-0583;Produtos;08/05/2019;Novo Logo;Vendedor 11;Brasil;5;Time 3; R$ 178.560,00 ;
Cliente 42;2019-1206;Produtos;14/05/2019;Upselling;Vendedor 14;Brasil;1;Time 3; R$ 27.000,00 ;
Cliente 42;2019-1145;Serviços;22/05/2019;Upselling;Vendedor 9;Brasil;4;Time 3; R$ 73.778,88 ;
Cliente 43;2018-0659;Serviços;18/12/2018;Cross selling;Vendedor 6;Brasil;2;Time 3; R$ 31.109,84 ;
Cliente 43;2018-0319;Licenciamento;18/12/2018;Cross selling;Vendedor 6;Brasil;12;Time 3; R$ 87.330,21 ;
Cliente 43;2018-0658;Serviços;18/12/2018;Upselling;Vendedor 6;Brasil;2;Time 3; R$ 130.000,00 ;
Cliente 43;2018-0518;Produtos;18/12/2018;Upselling;Vendedor 6;Brasil;12;Time 3; R$ 894.024,00 ;
Cliente 43;2019-1147;Produtos;08/05/2019;Upselling;Vendedor 13;Brasil;13;Time 3; R$ 197.340,00 ;
Cliente 43;2019-0704;Serviços;08/05/2019;Upselling;Vendedor 13;Brasil;12;Time 3; R$ 292.800,00 ;
Cliente 43;2019-1129;Serviços;08/05/2019;Upselling;Vendedor 13;Brasil;12;Time 3; R$ 306.660,00 ;
Cliente 43;2019-1151;Serviços;08/05/2019;Upselling;Vendedor 13;Brasil;12;Time 3; R$ 343.203,88 ;
Cliente 43;2018-0217;Licenciamento;17/07/2019;Upselling;Vendedor 13;Brasil;22;Time 3; R$ 573.915,00 ;
Cliente 43;2019-1810;Serviços;22/11/2019;Upselling;Vendedor 13;Brasil;1;Time 3; R$ 43.795,00 ;
Cliente 43;2019-0847;Produtos;18/12/2019;Upselling;Vendedor 13;Brasil;12;Time 3; R$ 670.518,00 ;
Cliente 43;2018-0674;Licenciamento;19/12/2019;Cross selling;Vendedor 13;Brasil;37;Time 3; R$ 618.480,00 ;
Cliente 43;2020-1977;Serviços;03/03/2020;Upselling;Vendedor 13;Brasil;6;Time 3; R$ 147.934,08 ;
Cliente 44;2018-0375;Licenciamento;21/12/2018;Renovação;Vendedor 8;Mexico;12;Time 6; R$ 402.750,00 ;
Cliente 44;2019-0917;Licenciamento;29/04/2019;Novo Logo;Vendedor 8;Mexico;13;Time 6; R$ 547.740,00 ;
Cliente 44;2019-0941;Licenciamento;21/05/2019;Upselling;Vendedor 8;Mexico;9;Time 6; R$ 935.470,11 ;
Cliente 44;2019-1885;Licenciamento;03/12/2019;Upselling;Vendedor 8;Mexico;25;Time 6; R$ 2.110.324,08 ;
Cliente 44;2019-0842;Licenciamento;24/01/2020;Renovação;Vendedor 8;Mexico;24;Time 9; R$ 563.850,00 ;
Cliente 44;2020-2359;Licenciamento;28/05/2020;Renovação;Vendedor 8;Mexico;38;Time 9; R$ 177.639,60 ;
Cliente 44;2021-3289;Licenciamento;09/02/2021;Renovação;Vendedor 8;Mexico;12;Time 9; R$ 281.925,00 ;
Cliente 44;2021-3287;Licenciamento;09/02/2021;Renovação;Vendedor 8;Mexico;12;Time 9; R$ 343.680,00 ;
Cliente 44;2021-3288;Licenciamento;09/02/2021;Renovação;Vendedor 8;Mexico;12;Time 9; R$ 1.006.875,00 ;
Cliente 45;2018-0352;Licenciamento;27/12/2018;Renovação;Vendedor 1;Brasil;12;Time 1; R$ 230.136,72 ;
Cliente 46;2018-0306;Serviços;28/12/2018;Cross selling;Vendedor 1;Brasil;5;Time 1; R$ 252.856,47 ;
Cliente 46;2020-2349;Serviços;26/06/2020;Upselling;Vendedor 1;Brasil;12;Time 1; R$ 201.484,80 ;
Cliente 47;2018-0393;Serviços;15/01/2019;Cross selling;Vendedor 3;Brasil;12;Time 1; R$ 25.600,00 ;
Cliente 47;2017-0301;Licenciamento;15/01/2019;Renovação;Vendedor 3;Brasil;12;Time 1; R$ 166.950,00 ;
Cliente 47;2019-1691;Licenciamento;03/02/2020;Renovação;Vendedor 3;Brasil;24;Time 1; R$ 331.792,20 ;
Cliente 48;2018-0444;Licenciamento;30/01/2019;Novo Logo;Vendedor 8;Mexico;32;Time 6; R$ 547.740,00 ;
Cliente 49;2018-0180;Serviços;31/01/2019;Upselling;Vendedor 3;Brasil;1;Time 1; R$ 39.469,99 ;
Cliente 5;2017-0152;Serviços;24/01/2018;Upselling;Vendedor 3;Brasil;2;Time 1; R$ 157.297,20 ;
Cliente 5;2018-0110;Serviços;02/03/2018;Upselling;Vendedor 3;Brasil;2;Time 1; R$ 45.020,10 ;
Cliente 5;2018-0112;Serviços;05/03/2018;Upselling;Vendedor 3;Brasil;7;Time 1; R$ 162.796,50 ;
Cliente 5;2018-0113;Serviços;05/03/2018;Upselling;Vendedor 3;Brasil;8;Time 1; R$ 1.010.653,20 ;
Cliente 5;2018-0155;Serviços;28/03/2018;Upselling;Vendedor 3;Brasil;12;Time 1; R$ 332.640,00 ;
Cliente 5;2018-0128;Serviços;02/04/2018;Upselling;Vendedor 3;Brasil;6;Time 1; R$ 945.932,40 ;
Cliente 5;2018-0142;Serviços;02/04/2018;Upselling;Vendedor 3;Brasil;13;Time 1; R$ 951.050,64 ;
Cliente 5;2018-0129;Serviços;11/05/2018;Upselling;Vendedor 3;Brasil;8;Time 1; R$ 1.297.361,52 ;
Cliente 5;2018-0230;Serviços;14/05/2018;Cross selling;Vendedor 3;Brasil;4;Time 1; R$ 282.120,00 ;
Cliente 5;2018-0236;Serviços;18/05/2018;Upselling;Vendedor 3;Brasil;4;Time 1; R$ 263.501,70 ;
Cliente 5;2017-0202;Licenciamento;15/06/2018;Renovação;Vendedor 3;Brasil;12;Time 1; R$ 1.657.500,00 ;
Cliente 5;2018-0254;Licenciamento;15/06/2018;Upselling;Vendedor 3;Brasil;37;Time 1; R$ 1.657.500,00 ;
Cliente 5;2017-0201;Licenciamento;15/06/2018;Renovação;Vendedor 3;Brasil;14;Time 1; R$ 1.838.012,37 ;
Cliente 5;2017-0200;Licenciamento;15/06/2018;Renovação;Vendedor 3;Brasil;12;Time 1; R$ 3.111.782,64 ;
Cliente 5;2018-0145;Licenciamento;15/06/2018;Upselling;Vendedor 3;Brasil;37;Time 1; R$ 3.810.588,20 ;
Cliente 5;2018-0390;Serviços;25/07/2018;Upselling;Vendedor 3;Brasil;1;Time 1; R$ 59.605,30 ;
Cliente 5;2018-0402;Serviços;03/08/2018;Upselling;Vendedor 3;Brasil;12;Time 1; R$ 161.918,40 ;
Cliente 5;2017-0165;Licenciamento;06/09/2018;Renovação;Vendedor 3;Brasil;12;Time 1; R$ 957.075,28 ;
Cliente 5;2019-1613;Serviços;10/09/2018;Upselling;Vendedor 3;Brasil;1;Time 1; R$ 30.527,20 ;
Cliente 5;2018-0470;Serviços;19/09/2018;Upselling;Vendedor 3;Brasil;6;Time 1; R$ 120.151,76 ;
Cliente 5;2018-0617;Serviços;08/10/2018;Cross selling;Vendedor 3;Brasil;12;Time 1; R$ 330.760,00 ;
Cliente 5;2018-0616;Licenciamento;08/10/2018;Cross selling;Vendedor 3;Brasil;12;Time 1; R$ 358.398,00 ;
Cliente 5;2018-0618;Serviços;08/10/2018;Cross selling;Vendedor 3;Brasil;4;Time 1; R$ 363.794,40 ;
Cliente 5;2018-0619;Serviços;08/10/2018;Cross selling;Vendedor 3;Brasil;16;Time 1; R$ 483.200,00 ;
Cliente 5;2018-0000;Licenciamento;08/10/2018;Cross selling;Vendedor 3;Brasil;12;Time 1; R$ 2.565.216,00 ;
Cliente 5;2018-0505;Serviços;11/10/2018;Upselling;Vendedor 3;Brasil;12;Time 1; R$ 138.786,48 ;
Cliente 5;2018-0510;Serviços;17/10/2018;Upselling;Vendedor 3;Brasil;1;Time 1; R$ 39.652,16 ;
Cliente 5;2018-0519;Serviços;24/10/2018;Upselling;Vendedor 3;Brasil;12;Time 1; R$ 700.045,50 ;
Cliente 5;2018-0666;Licenciamento;26/10/2018;Cross selling;Vendedor 3;Argentina;12;Time 1; R$ 1.989.000,00 ;
Cliente 5;2018-0665;Licenciamento;26/10/2018;Novo Logo;Vendedor 3;Argentina;14;Time 1; R$ 7.122.171,55 ;
Cliente 5;2018-0528;Serviços;29/10/2018;Upselling;Vendedor 3;Brasil;5;Time 1; R$ 440.000,00 ;
Cliente 5;2018-0357;Licenciamento;12/11/2018;Renovação;Vendedor 3;Brasil;12;Time 1; R$ 278.888,28 ;
Cliente 5;2018-0356;Licenciamento;12/11/2018;Renovação;Vendedor 3;Brasil;12;Time 1; R$ 629.148,46 ;
Cliente 5;2018-0596;Serviços;26/11/2018;Upselling;Vendedor 3;Brasil;2;Time 1; R$ 116.996,96 ;
Cliente 5;2018-0597;Serviços;26/11/2018;Upselling;Vendedor 3;Brasil;2;Time 1; R$ 116.996,96 ;
Cliente 5;2018-0599;Serviços;26/11/2018;Upselling;Vendedor 3;Brasil;1;Time 1; R$ 187.803,00 ;
Cliente 5;2018-0598;Serviços;26/11/2018;Upselling;Vendedor 3;Brasil;2;Time 1; R$ 344.841,12 ;
Cliente 5;2018-0611;Serviços;03/12/2018;Upselling;Vendedor 3;Brasil;1;Time 1; R$ 23.874,75 ;
Cliente 5;2018-0612;Serviços;03/12/2018;Upselling;Vendedor 3;Brasil;1;Time 1; R$ 206.280,00 ;
Cliente 5;2018-0607;Serviços;21/12/2018;Upselling;Vendedor 3;Brasil;1;Time 1; R$ 117.734,40 ;
Cliente 5;2019-0908;Serviços;25/02/2019;Upselling;Vendedor 3;Brasil;3;Time 1; R$ 165.867,76 ;
Cliente 5;2019-0905;Serviços;25/02/2019;Upselling;Vendedor 3;Brasil;3;Time 1; R$ 207.602,50 ;
Cliente 5;2019-0906;Serviços;25/02/2019;Upselling;Vendedor 3;Brasil;3;Time 1; R$ 414.415,99 ;
Cliente 5;2019-0907;Serviços;25/02/2019;Upselling;Vendedor 3;Brasil;3;Time 1; R$ 486.320,82 ;
Cliente 5;2019-0962;Serviços;13/03/2019;Upselling;Vendedor 3;Brasil;10;Time 1; R$ 219.848,75 ;
Cliente 5;2019-1127;Serviços;04/04/2019;Upselling;Vendedor 3;Brasil;3;Time 1; R$ 461.681,04 ;
Cliente 5;2019-1128;Serviços;04/04/2019;Upselling;Vendedor 3;Brasil;3;Time 1; R$ 461.688,46 ;
Cliente 5;2019-1217;Serviços;08/05/2019;Upselling;Vendedor 3;Brasil;1;Time 1; R$ 44.891,00 ;
Cliente 5;2019-1269;Serviços;29/05/2019;Upselling;Vendedor 3;Brasil;7;Time 1; R$ 214.488,48 ;
Cliente 5;2018-0354;Licenciamento;05/06/2019;Renovação;Vendedor 3;Brasil;37;Time 1; R$ 1.838.012,37 ;
Cliente 5;2018-0355;Licenciamento;05/06/2019;Renovação;Vendedor 3;Brasil;37;Time 1; R$ 3.315.000,00 ;
Cliente 5;2018-0353;Licenciamento;05/06/2019;Renovação;Vendedor 3;Brasil;37;Time 1; R$ 6.922.370,84 ;
Cliente 5;2019-1362;Serviços;27/06/2019;Upselling;Vendedor 3;Brasil;3;Time 1; R$ 200.000,00 ;
Cliente 5;2019-1428;Serviços;17/07/2019;Upselling;Vendedor 3;Brasil;3;Time 1; R$ 153.242,32 ;
Cliente 5;2019-1483;Serviços;22/07/2019;Upselling;Vendedor 3;Brasil;1;Time 1; R$ 134.038,08 ;
Cliente 5;2019-1482;Serviços;22/07/2019;Upselling;Vendedor 3;Brasil;3;Time 1; R$ 512.132,40 ;
Cliente 5;2019-1351;Serviços;23/07/2019;Upselling;Vendedor 3;Brasil;5;Time 1; R$ 317.832,80 ;
Cliente 5;2019-1430;Serviços;23/07/2019;Upselling;Vendedor 3;Brasil;2;Time 1; R$ 687.108,56 ;
Cliente 5;2019-1426;Serviços;29/07/2019;Upselling;Vendedor 3;Brasil;15;Time 1; R$ 825.277,68 ;
Cliente 5;2019-1509;Serviços;01/08/2019;Upselling;Vendedor 3;Brasil;1;Time 1; R$ 20.297,52 ;
Cliente 5;2019-0844;Licenciamento;15/08/2019;Renovação;Vendedor 3;Brasil;12;Time 1; R$ 358.398,00 ;
Cliente 5;2018-0676;Licenciamento;15/08/2019;Renovação;Vendedor 3;Brasil;12;Time 1; R$ 2.565.216,00 ;
Cliente 5;2019-1513;Serviços;30/08/2019;Upselling;Vendedor 3;Brasil;4;Time 1; R$ 122.259,00 ;
Cliente 5;2019-1614;Serviços;10/09/2019;Upselling;Vendedor 3;Brasil;1;Time 1; R$ 5.566,24 ;
Cliente 5;2019-1641;Serviços;20/09/2019;Upselling;Vendedor 3;Brasil;3;Time 1; R$ 396.794,90 ;
Cliente 5;2018-0649;Licenciamento;20/09/2019;Renovação;Vendedor 3;Brasil;12;Time 1; R$ 782.418,25 ;
Cliente 5;2019-1646;Serviços;23/09/2019;Upselling;Vendedor 3;Brasil;2;Time 1; R$ 156.690,00 ;
Cliente 5;2019-1620;Serviços;25/09/2019;Upselling;Vendedor 3;Brasil;1;Time 1; R$ 30.164,40 ;
Cliente 5;2019-1281;Licenciamento;30/09/2019;Upselling;Vendedor 3;Brasil;12;Time 1; R$ 1.293.997,98 ;
Cliente 5;2019-1619;Serviços;01/10/2019;Upselling;Vendedor 3;Brasil;1;Time 1; R$ 144.154,80 ;
Cliente 5;2019-1622;Serviços;01/10/2019;Upselling;Vendedor 3;Brasil;3;Time 1; R$ 434.718,72 ;
Cliente 5;2018-0650;Licenciamento;17/10/2019;Renovação;Vendedor 3;Brasil;12;Time 1; R$ 297.206,68 ;
Cliente 5;2018-0651;Licenciamento;17/10/2019;Renovação;Vendedor 3;Brasil;12;Time 1; R$ 627.322,13 ;
Cliente 5;2019-0718;Licenciamento;17/10/2019;Renovação;Vendedor 3;Brasil;12;Time 1; R$ 1.989.000,00 ;
Cliente 5;2019-0717;Licenciamento;17/10/2019;Renovação;Vendedor 3;Brasil;12;Time 1; R$ 7.122.171,55 ;
Cliente 5;2019-1728;Serviços;18/10/2019;Upselling;Vendedor 3;Brasil;2;Time 1; R$ 50.457,60 ;
Cliente 5;2019-1786;Serviços;06/11/2019;Upselling;Vendedor 3;Brasil;1;Time 1; R$ 230.679,30 ;
Cliente 5;2019-1859;Serviços;14/11/2019;Upselling;Vendedor 3;Brasil;1;Time 1; R$ 73.168,00 ;
Cliente 5;2019-1878;Serviços;21/11/2019;Upselling;Vendedor 3;Brasil;2;Time 1; R$ 200.150,40 ;
Cliente 5;2019-1924;Serviços;26/12/2019;Upselling;Vendedor 3;Brasil;3;Time 1; R$ 270.714,48 ;
Cliente 5;2020-2054;Serviços;20/01/2020;Renovação;Vendedor 3;Brasil;3;Time 1; R$ 25.756,20 ;
Cliente 5;2020-2057;Serviços;21/01/2020;Upselling;Vendedor 3;Brasil;1;Time 1; R$ 30.527,20 ;
Cliente 5;2020-2135;Serviços;02/03/2020;Renovação;Vendedor 3;Brasil;10;Time 1; R$ 1.047.455,00 ;
Cliente 5;2020-2139;Serviços;03/03/2020;Renovação;Vendedor 3;Brasil;3;Time 1; R$ 90.493,20 ;
Cliente 5;2020-2108;Serviços;04/03/2020;Renovação;Vendedor 3;Brasil;10;Time 1; R$ 350.393,00 ;
Cliente 5;2020-2150;Serviços;06/03/2020;Renovação;Vendedor 3;Brasil;1;Time 1; R$ 18.320,40 ;
Cliente 5;2020-2149;Serviços;06/03/2020;Renovação;Vendedor 3;Brasil;1;Time 1; R$ 36.639,05 ;
Cliente 5;2020-2167;Serviços;13/03/2020;Renovação;Vendedor 3;Brasil;1;Time 1; R$ 23.031,36 ;
Cliente 5;2020-2176;Serviços;17/03/2020;Renovação;Vendedor 3;Brasil;1;Time 1; R$ 9.618,48 ;
Cliente 5;2020-2201;Serviços;27/03/2020;Renovação;Vendedor 3;Brasil;1;Time 1; R$ 23.032,00 ;
Cliente 5;2019-1282;Serviços;31/03/2020;Upselling;Vendedor 3;Brasil;15;Time 1; R$ 474.075,00 ;
Cliente 5;2020-2256;Serviços;03/04/2020;Renovação;Vendedor 3;Brasil;1;Time 1; R$ 21.591,90 ;
Cliente 5;2020-2254;Serviços;03/04/2020;Renovação;Vendedor 3;Brasil;1;Time 1; R$ 22.377,06 ;
Cliente 5;2020-2302;Serviços;23/04/2020;Renovação;Vendedor 3;Brasil;1;Time 1; R$ 21.591,90 ;
Cliente 5;2020-2313;Serviços;29/04/2020;Renovação;Vendedor 3;Brasil;1;Time 1; R$ 23.032,00 ;
Cliente 5;2020-2322;Serviços;04/05/2020;Renovação;Vendedor 3;Brasil;3;Time 1; R$ 262.861,20 ;
Cliente 5;2020-2321;Serviços;08/05/2020;Renovação;Vendedor 3;Brasil;4;Time 1; R$ 110.602,80 ;
Cliente 5;2020-2367;Serviços;28/05/2020;Renovação;Vendedor 3;Brasil;6;Time 1; R$ 134.000,54 ;
Cliente 5;2020-2363;Serviços;02/06/2020;Renovação;Vendedor 3;Brasil;7;Time 1; R$ 245.444,40 ;
Cliente 5;2020-2404;Serviços;09/06/2020;Renovação;Vendedor 3;Brasil;1;Time 1; R$ 23.031,36 ;
Cliente 5;2020-2403;Serviços;12/06/2020;Renovação;Vendedor 3;Brasil;7;Time 1; R$ 370.542,26 ;
Cliente 5;2018-0662;Licenciamento;30/06/2020;Renovação;Vendedor 3;Brasil;24;Time 1; R$ 2.205.975,01 ;
Cliente 5;2018-0663;Produtos;30/06/2020;Renovação;Vendedor 3;Brasil;36;Time 1; R$ 7.469.497,40 ;
Cliente 5;2020-2435;Serviços;01/07/2020;Renovação;Vendedor 3;Brasil;3;Time 1; R$ 91.929,60 ;
Cliente 5;2020-2329;Serviços;24/07/2020;Upselling;Vendedor 3;Brasil;4;Time 1; R$ 104.857,20 ;
Cliente 5;2020-2564;Serviços;10/08/2020;Renovação;Vendedor 3;Brasil;4;Time 1; R$ 65.325,12 ;
Cliente 5;2020-2563;Serviços;26/08/2020;Upselling;Vendedor 3;Brasil;4;Time 1; R$ 120.657,60 ;
Cliente 5;2019-1823;Produtos;18/09/2020;Renovação;Vendedor 3;Brasil;12;Time 1; R$ 840.500,00 ;
Cliente 5;2020-2673;Serviços;01/10/2020;Upselling;Vendedor 3;Brasil;4;Time 1; R$ 90.493,20 ;
Cliente 5;2020-2876;Serviços;15/10/2020;Upselling;Vendedor 3;Brasil;3;Time 1; R$ 89.056,80 ;
Cliente 5;2020-2935;Serviços;30/10/2020;Upselling;Vendedor 3;Brasil;8;Time 1; R$ 239.878,80 ;
Cliente 5;2020-2880;Serviços;09/11/2020;Upselling;Vendedor 3;Brasil;13;Time 1; R$ 395.010,00 ;
Cliente 5;2019-1826;Produtos;13/11/2020;Renovação;Vendedor 3;Brasil;12;Time 1; R$ 338.119,92 ;
Cliente 5;2020-3050;Serviços;25/11/2020;Renovação;Vendedor 3;Brasil;1;Time 1; R$ 59.453,28 ;
Cliente 5;2020-2949;Serviços;30/11/2020;Upselling;Vendedor 3;Brasil;2;Time 1; R$ 21.905,10 ;
Cliente 5;2019-1827;Produtos;30/11/2020;Renovação;Vendedor 3;Brasil;12;Time 1; R$ 1.062.053,45 ;
Cliente 5;2020-3004;Serviços;01/12/2020;Upselling;Vendedor 3;Brasil;7;Time 1; R$ 211.150,80 ;
Cliente 5;2021-3428;Serviços;04/02/2021;Upselling;Vendedor 3;Brasil;10;Time 1; R$ 307.389,60 ;
Cliente 5;2021-3308;Serviços;04/02/2021;Upselling;Vendedor 3;Brasil;10;Time 1; R$ 450.858,24 ;
Cliente 5;2020-2967;Serviços;10/02/2021;Upselling;Vendedor 3;Brasil;9;Time 1; R$ 271.479,60 ;
Cliente 5;2021-3495;Serviços;10/02/2021;Upselling;Vendedor 3;Brasil;12;Time 1; R$ 772.726,68 ;
Cliente 5;2021-3497;Serviços;11/02/2021;Upselling;Vendedor 3;Brasil;12;Time 1; R$ 359.818,20 ;
Cliente 5;2021-3501;Serviços;11/02/2021;Upselling;Vendedor 3;Brasil;12;Time 1; R$ 719.636,40 ;
Cliente 5;2021-3498;Serviços;11/02/2021;Upselling;Vendedor 3;Brasil;12;Time 1; R$ 1.386.844,20 ;
Cliente 5;2021-3421;Serviços;18/02/2021;Upselling;Vendedor 3;Brasil;10;Time 1; R$ 269.948,16 ;
Cliente 5;2021-3484;Serviços;02/03/2021;Upselling;Vendedor 3;Brasil;10;Time 1; R$ 269.948,16 ;
Cliente 5;2021-3869;Serviços;19/04/2021;Upselling;Vendedor 23;Brasil;1;Time 1; R$ 28.480,00 ;
Cliente 5;2021-3864;Serviços;19/04/2021;Upselling;Vendedor 23;Brasil;8;Time 1; R$ 245.624,40 ;
Cliente 50;2018-0523;Serviços;26/02/2019;Novo Logo;Vendedor 9;Brasil;7;Time 3; R$ 636.822,48 ;
Cliente 50;2019-1418;Serviços;15/07/2019;Upselling;Vendedor 9;Brasil;3;Time 3; R$ 65.622,00 ;
Cliente 50;2019-1566;Serviços;20/09/2019;Upselling;Vendedor 9;Brasil;3;Time 3; R$ 544.496,40 ;
Cliente 50;2020-2056;Serviços;29/01/2020;Renovação;Vendedor 9;Brasil;12;Time 3; R$ 1.100.010,24 ;
Cliente 50;2020-2078;Serviços;19/02/2020;Upselling;Vendedor 9;Brasil;3;Time 3; R$ 110.244,96 ;
Cliente 50;2020-2122;Serviços;31/03/2020;Cross selling;Vendedor 9;Brasil;3;Time 3; R$ 220.489,92 ;
Cliente 50;2020-2421;Serviços;26/06/2020;Renovação;Vendedor 9;Brasil;2;Time 3; R$ 146.993,28 ;
Cliente 50;2020-2574;Serviços;31/08/2020;Upselling;Vendedor 9;Brasil;3;Time 3; R$ 110.244,96 ;
Cliente 50;2020-2670;Serviços;17/09/2020;Upselling;Vendedor 9;Brasil;3;Time 3; R$ 304.264,80 ;
Cliente 50;2020-2610;Serviços;29/09/2020;Upselling;Vendedor 9;Brasil;3;Time 3; R$ 60.852,96 ;
Cliente 50;2020-3022;Serviços;03/02/2021;Renovação;Vendedor 9;Brasil;12;Time 3; R$ 1.270.080,00 ;
Cliente 51;2018-0387;Produtos;28/02/2019;Upselling;Vendedor 1;Brasil;2;Time 1; R$ 45.000,00 ;
Cliente 51;2018-0576;Produtos;28/02/2019;Novo Logo;Vendedor 1;Brasil;12;Time 1; R$ 59.000,00 ;
Cliente 52;2018-0463;Serviços;19/03/2019;Novo Logo;Vendedor 9;Brasil;2;Time 3; R$ 18.561,20 ;
Cliente 52;2019-1155;Serviços;08/05/2019;Upselling;Vendedor 9;Brasil;3;Time 3; R$ 93.773,76 ;
Cliente 52;2019-1312;Serviços;26/06/2019;Cross selling;Vendedor 9;Brasil;1;Time 3; R$ 12.645,12 ;
Cliente 52;2019-1417;Serviços;18/07/2019;Upselling;Vendedor 9;Brasil;4;Time 3; R$ 184.204,92 ;
Cliente 52;2019-1403;Serviços;02/08/2019;Upselling;Vendedor 9;Brasil;3;Time 3; R$ 91.649,60 ;
Cliente 52;2019-1680;Serviços;08/10/2019;Upselling;Vendedor 9;Brasil;4;Time 3; R$ 224.385,96 ;
Cliente 52;2019-1629;Licenciamento;05/11/2019;Cross selling;Vendedor 9;Brasil;37;Time 3; R$ 215.587,08 ;
Cliente 52;2019-1867;Serviços;19/11/2019;Upselling;Vendedor 9;Brasil;2;Time 3; R$ 108.723,20 ;
Cliente 52;2019-1886;Serviços;26/11/2019;Upselling;Vendedor 9;Brasil;5;Time 3; R$ 91.649,60 ;
Cliente 52;2019-1890;Serviços;09/12/2019;Cross selling;Vendedor 9;Brasil;3;Time 3; R$ 100.568,96 ;
Cliente 52;2020-2142;Serviços;16/03/2020;Renovação;Vendedor 16;Brasil;9;Time 3; R$ 917.182,12 ;
Cliente 52;2020-2351;Serviços;29/05/2020;Renovação;Vendedor 16;Brasil;12;Time 3; R$ 232.233,54 ;
Cliente 52;2020-2444;Serviços;27/07/2020;Renovação;Vendedor 16;Brasil;3;Time 3; R$ 100.568,96 ;
Cliente 52;2020-2895;Serviços;21/10/2020;Renovação;Vendedor 16;Brasil;3;Time 3; R$ 100.568,96 ;
Cliente 52;2021-3278;Serviços;22/01/2021;Upselling;Vendedor 9;Brasil;3;Time 3; R$ 87.148,44 ;
Cliente 52;2020-3198;Produtos;26/02/2021;Cross selling;Vendedor 9;Brasil;12;Time 3; R$ 77.903,82 ;
Cliente 52;2021-3873;Serviços;19/04/2021;Upselling;Vendedor 9;Brasil;7;Time 3; R$ 203.346,36 ;
Cliente 53;2018-0582;Produtos;25/03/2019;Novo Logo;Vendedor 11;Brasil;3;Time 3; R$ 300.000,00 ;
Cliente 53;2019-1010;Produtos;02/12/2019;Novo Logo;Vendedor 11;Brasil;12;Time 3; R$ 257.040,00 ;
Cliente 54;2018-0679;Serviços;29/03/2019;Cross selling;Vendedor 1;Brasil;1;Time 1; R$ 81.500,68 ;
Cliente 54;2018-0678;Produtos;29/03/2019;Novo Logo;Vendedor 1;Brasil;33;Time 1; R$ 331.683,00 ;
Cliente 55;2019-1118;Serviços;16/04/2019;Novo Logo;Vendedor 3;Brasil;1;Time 1; R$ 45.000,00 ;
Cliente 56;2018-0544;Produtos;17/04/2019;Novo Logo;Vendedor 11;Brasil;9;Time 3; R$ 234.000,00 ;
Cliente 57;2019-1078;Produtos;18/04/2019;Novo Logo;Vendedor 10;Brasil;2;Time 7; R$ 81.715,20 ;
Cliente 58;2019-0943;Produtos;30/04/2019;Novo Logo;Vendedor 4;Brasil;19;Time 2; R$ 1.968.600,00 ;
Cliente 58;2020-3100;Produtos;17/02/2021;Novo Logo;Vendedor 17;Brasil;61;Time 8; R$ 701.653,60 ;
Cliente 59;2019-0927;Licenciamento;03/05/2019;Novo Logo;Vendedor 3;Brasil;37;Time 1; R$ 1.200.000,00 ;
Cliente 59;2020-2360;Licenciamento;22/05/2020;Upselling;Vendedor 3;Brasil;37;Time 1; R$ 155.560,00 ;
Cliente 59;2020-2503;Serviços;28/12/2020;Cross selling;Vendedor 3;Brasil;3;Time 1; R$ 88.089,60 ;
Cliente 6;2018-0030;Serviços;30/01/2018;Novo Logo;Vendedor 1;Brasil;4;Time 1; R$ 120.800,00 ;
Cliente 6;2018-0141;Serviços;30/04/2018;Upselling;Vendedor 1;Brasil;14;Time 1; R$ 66.000,00 ;
Cliente 60;2019-1004;Produtos;31/05/2019;Novo Logo;Vendedor 13;Brasil;12;Time 3; R$ 210.000,00 ;
Cliente 61;2019-0716;Serviços;31/05/2019;Novo Logo;Vendedor 8;Mexico;1;Time 6; R$ 198.690,00 ;
Cliente 62;2018-0121;Produtos;05/06/2019;Novo Logo;Vendedor 9;Brasil;16;Time 3; R$ 420.000,00 ;
Cliente 62;2020-2608;Serviços;25/08/2020;Upselling;Vendedor 13;Brasil;13;Time 3; R$ 420.000,00 ;
Cliente 63;2019-1177;Produtos;07/06/2019;Novo Logo;Vendedor 9;Brasil;9;Time 3; R$ 400.000,00 ;
Cliente 64;2019-0703;Licenciamento;24/06/2019;Upselling;Vendedor 8;Mexico;37;Time 6; R$ 5.316.300,00 ;
Cliente 64;2019-0702;Licenciamento;17/07/2019;Upselling;Vendedor 8;Mexico;12;Time 6; R$ 308.775,00 ;
Cliente 64;2019-1583;Licenciamento;03/12/2019;Renovação;Vendedor 8;Mexico;13;Time 6; R$ 365.160,00 ;
Cliente 65;2019-1276;Produtos;25/06/2019;Novo Logo;Vendedor 1;Brasil;23;Time 1; R$ 480.000,00 ;
Cliente 65;2019-1671;Serviços;27/09/2019;Cross selling;Vendedor 1;Brasil;1;Time 1; R$ 16.000,00 ;
Cliente 66;2019-1492;Serviços;11/07/2019;Upselling;Vendedor 11;Brasil;14;Time 3; R$ 41.972,20 ;
Cliente 66;2019-1356;Licenciamento;12/07/2019;Novo Logo;Vendedor 11;Brasil;12;Time 3; R$ 60.214,41 ;
Cliente 67;2019-1216;Licenciamento;22/07/2019;Novo Logo;Vendedor 8;Mexico;12;Time 6; R$ 214.800,00 ;
Cliente 67;2021-3269;Licenciamento;21/01/2021;Novo Logo;Vendedor 8;Mexico;12;Time 9; R$ 537.268,50 ;
Cliente 67;2021-3515;Licenciamento;20/04/2021;Upselling;Vendedor 8;Mexico;12;Time 9; R$ 292.128,00 ;
Cliente 68;2019-1388;Serviços;22/08/2019;Novo Logo;Vendedor 14;Brasil;2;Time 3; R$ 73.920,00 ;
Cliente 68;2019-1631;Serviços;25/09/2019;Upselling;Vendedor 14;Brasil;2;Time 3; R$ 109.999,68 ;
Cliente 68;2019-1798;Serviços;06/12/2019;Upselling;Vendedor 14;Brasil;2;Time 3; R$ 76.000,00 ;
Cliente 68;2020-1966;Serviços;09/03/2020;Upselling;Vendedor 14;Brasil;1;Time 3; R$ 48.444,48 ;
Cliente 68;2020-2311;Serviços;14/05/2020;Upselling;Vendedor 14;Brasil;1;Time 3; R$ 48.192,00 ;
Cliente 68;2020-2400;Serviços;09/06/2020;Upselling;Vendedor 14;Brasil;1;Time 3; R$ 44.175,60 ;
Cliente 68;2020-2513;Serviços;20/07/2020;Renovação;Vendedor 14;Brasil;1;Time 3; R$ 20.800,00 ;
Cliente 69;2019-1254;Serviços;26/08/2019;Novo Logo;Vendedor 13;Brasil;1;Time 3; R$ 840.360,48 ;
Cliente 69;2019-1791;Serviços;11/11/2019;Upselling;Vendedor 13;Brasil;6;Time 3; R$ 399.000,00 ;
Cliente 7;2018-0034;Serviços;31/01/2018;Cross selling;Vendedor 1;Brasil;3;Time 1; R$ 52.800,00 ;
Cliente 7;2018-0033;Licenciamento;31/01/2018;Novo Logo;Vendedor 1;Brasil;37;Time 1; R$ 338.365,31 ;
Cliente 7;2018-0114;Produtos;19/04/2018;Cross selling;Vendedor 1;Brasil;12;Time 1; R$ 192.000,00 ;
Cliente 7;2019-0834;Serviços;26/06/2019;Upselling;Vendedor 1;Brasil;3;Time 1; R$ 73.920,00 ;
Cliente 7;2019-1316;Serviços;28/06/2019;Upselling;Vendedor 1;Brasil;2;Time 1; R$ 73.920,00 ;
Cliente 7;2019-1532;Serviços;17/09/2019;Upselling;Vendedor 1;Brasil;5;Time 1; R$ 147.840,00 ;
Cliente 7;2019-1906;Serviços;06/12/2019;Renovação;Vendedor 1;Brasil;6;Time 1; R$ 221.760,00 ;
Cliente 7;2020-2493;Serviços;27/07/2020;Upselling;Vendedor 20;Brasil;3;Time 3; R$ 10.141,12 ;
Cliente 7;2021-3510;Licenciamento;30/03/2021;Renovação;Vendedor 20;Brasil;12;Time 3; R$ 342.798,07 ;
Cliente 7;2020-2596;Produtos;30/04/2021;Upselling;Vendedor 20;Brasil;12;Time 3; R$ 211.200,00 ;
Cliente 70;2019-1366;Licenciamento;27/08/2019;Novo Logo;Vendedor 8;Mexico;12;Time 6; R$ 204.060,00 ;
Cliente 71;2019-0879;Produtos;04/09/2019;Novo Logo;Vendedor 9;Brasil;12;Time 3; R$ 417.891,11 ;
Cliente 71;2019-1602;Produtos;09/09/2019;Novo Logo;Vendedor 9;Brasil;12;Time 3; R$ 1.500.000,00 ;
Cliente 71;2020-2308;Produtos;05/06/2020;Cross selling;Vendedor 9;Brasil;6;Time 3; R$ 500.000,00 ;
Cliente 71;2020-2396;Produtos;12/06/2020;Cross selling;Vendedor 7;Brasil;12;Time 5; R$ 1.000.000,00 ;
Cliente 71;2020-2392;Produtos;12/06/2020;Cross selling;Vendedor 7;Brasil;49;Time 5; R$ 4.000.000,00 ;
Cliente 71;2020-2577;Produtos;01/09/2020;Cross selling;Vendedor 9;Brasil;12;Time 3; R$ 11.172,00 ;
Cliente 71;2020-2519;Serviços;24/09/2020;Upselling;Vendedor 9;Brasil;1;Time 3; R$ 100.280,27 ;
Cliente 71;2019-1849;Produtos;14/12/2020;Renovação;Vendedor 9;Brasil;36;Time 3; R$ 3.600.000,00 ;
Cliente 71;2021-3513;Produtos;15/04/2021;Cross selling;Vendedor 7;Brasil;61;Time 5; R$ 1.865.700,00 ;
Cliente 73;2019-1484;Serviços;18/09/2019;Novo Logo;Vendedor 12;Colombia;4;Time 6; R$ 514.446,00 ;
Cliente 73;2020-2286;Licenciamento;20/05/2020;Cross selling;Vendedor 12;Colombia;12;Time 10; R$ 30.072,00 ;
Cliente 74;2019-1033;Serviços;23/09/2019;Novo Logo;Vendedor 15;Brasil;2;Time 3; R$ 86.504,61 ;
Cliente 75;2019-1245;Produtos;26/09/2019;Novo Logo;Vendedor 9;Brasil;12;Time 3; R$ 219.909,81 ;
Cliente 75;2019-1294;Serviços;26/09/2019;Novo Logo;Vendedor 9;Brasil;12;Time 3; R$ 531.941,76 ;
Cliente 75;2020-2328;Serviços;05/06/2020;Upselling;Vendedor 9;Brasil;3;Time 3; R$ 48.043,20 ;
Cliente 75;2020-2465;Serviços;14/07/2020;Renovação;Vendedor 9;Brasil;24;Time 3; R$ 1.063.883,52 ;
Cliente 75;2019-1850;Produtos;20/08/2020;Renovação;Vendedor 9;Brasil;24;Time 3; R$ 291.155,52 ;
Cliente 75;2020-2650;Serviços;09/09/2020;Upselling;Vendedor 9;Brasil;12;Time 3; R$ 265.970,88 ;
Cliente 75;2020-2655;Serviços;05/11/2020;Upselling;Vendedor 9;Brasil;12;Time 3; R$ 265.970,88 ;
Cliente 75;2020-2941;Serviços;17/12/2020;Cross selling;Vendedor 9;Brasil;12;Time 3; R$ 265.978,44 ;
Cliente 76;2019-1215;Serviços;02/10/2019;Upselling;Vendedor 1;Brasil;4;Time 1; R$ 239.996,80 ;
Cliente 76;2020-2475;Serviços;01/09/2020;Upselling;Vendedor 1;Brasil;1;Time 1; R$ 14.800,00 ;
Cliente 76;2020-2926;Serviços;30/10/2020;Upselling;Vendedor 1;Brasil;1;Time 1; R$ 12.000,00 ;
Cliente 76;2020-2927;Serviços;28/12/2020;Upselling;Vendedor 1;Brasil;1;Time 1; R$ 14.400,00 ;
Cliente 76;2020-3043;Serviços;29/12/2020;Upselling;Vendedor 1;Brasil;3;Time 1; R$ 82.400,20 ;
Cliente 76;2021-3283;Serviços;22/02/2021;Upselling;Vendedor 25;Brasil;1;Time 3; R$ 4.906,00 ;
Cliente 76;2021-3355;Serviços;22/02/2021;Upselling;Vendedor 25;Brasil;1;Time 3; R$ 4.906,00 ;
Cliente 77;2018-0497;Produtos;04/10/2019;Novo Logo;Vendedor 14;Brasil;1;Time 3; R$ 1.205.681,75 ;
Cliente 77;2019-1644;Serviços;04/10/2019;Novo Logo;Vendedor 14;Brasil;12;Time 3; R$ 1.982.095,09 ;
Cliente 78;2019-1650;Produtos;04/10/2019;Novo Logo;Vendedor 1;Brasil;37;Time 1; R$ 558.302,35 ;
Cliente 78;2019-1936;Produtos;26/12/2019;Novo Logo;Vendedor 7;Brasil;61;Time 5; R$ 4.734.499,00 ;
Cliente 79;2019-1600;Licenciamento;02/12/2019;Novo Logo;Vendedor 8;Mexico;12;Time 6; R$ 456.450,00 ;
Cliente 79;2020-2364;Licenciamento;04/12/2020;Novo Logo;Vendedor 8;Mexico;24;Time 9; R$ 1.396.200,00 ;
Cliente 8;2018-0043;Serviços;06/02/2018;Upselling;Vendedor 2;Brasil;6;Time 2; R$ 401.783,00 ;
Cliente 8;2018-0171;Serviços;17/04/2018;Cross selling;Vendedor 2;Brasil;1;Time 2; R$ 40.562,49 ;
Cliente 8;2018-0132;Licenciamento;17/04/2018;Cross selling;Vendedor 2;Brasil;12;Time 2; R$ 583.342,00 ;
Cliente 8;2018-0229;Serviços;14/05/2018;Upselling;Vendedor 2;Brasil;2;Time 2; R$ 34.780,00 ;
Cliente 8;2018-0044;Licenciamento;14/05/2018;Upselling;Vendedor 4;Brasil;12;Time 2; R$ 234.690,00 ;
Cliente 8;2018-0382;Serviços;22/08/2018;Upselling;Vendedor 4;Brasil;2;Time 2; R$ 120.000,00 ;
Cliente 8;2017-0162;Licenciamento;31/08/2018;Renovação;Vendedor 4;Brasil;12;Time 2; R$ 989.861,00 ;
Cliente 8;2018-0338;Licenciamento;27/09/2018;Renovação;Vendedor 3;Brasil;12;Time 1; R$ 90.545,69 ;
Cliente 8;2018-0579;Serviços;28/11/2018;Upselling;Vendedor 4;Brasil;1;Time 2; R$ 30.000,00 ;
Cliente 8;2018-0621;Serviços;13/12/2018;Upselling;Vendedor 4;Brasil;2;Time 2; R$ 120.000,00 ;
Cliente 8;2019-0960;Serviços;11/03/2019;Upselling;Vendedor 3;Brasil;3;Time 1; R$ 307.112,40 ;
Cliente 8;2019-0964;Serviços;10/04/2019;Upselling;Vendedor 3;Brasil;3;Time 1; R$ 100.604,09 ;
Cliente 8;2018-0336;Licenciamento;03/05/2019;Renovação;Vendedor 3;Brasil;12;Time 1; R$ 583.342,00 ;
Cliente 8;2019-1300;Serviços;11/06/2019;Upselling;Vendedor 3;Brasil;2;Time 1; R$ 87.696,00 ;
Cliente 8;2019-0866;Serviços;11/06/2019;Upselling;Vendedor 3;Brasil;7;Time 1; R$ 973.728,00 ;
Cliente 8;2018-0337;Licenciamento;29/07/2019;Renovação;Vendedor 3;Brasil;37;Time 1; R$ 1.220.000,00 ;
Cliente 8;2019-1494;Serviços;30/08/2019;Upselling;Vendedor 3;Brasil;2;Time 1; R$ 57.120,00 ;
Cliente 8;2019-1301;Serviços;18/09/2019;Upselling;Vendedor 3;Brasil;7;Time 1; R$ 279.552,00 ;
Cliente 8;2019-1742;Serviços;18/10/2019;Upselling;Vendedor 3;Brasil;7;Time 1; R$ 698.880,00 ;
Cliente 8;2019-1754;Serviços;24/10/2019;Upselling;Vendedor 3;Brasil;2;Time 1; R$ 57.120,00 ;
Cliente 8;2019-1855;Serviços;19/11/2019;Upselling;Vendedor 3;Brasil;2;Time 1; R$ 57.120,00 ;
Cliente 8;2018-0640;Licenciamento;10/12/2019;Renovação;Vendedor 3;Brasil;12;Time 1; R$ 99.501,53 ;
Cliente 8;2019-1944;Serviços;07/01/2020;Renovação;Vendedor 3;Brasil;4;Time 1; R$ 114.236,64 ;
Cliente 8;2020-1968;Serviços;17/01/2020;Renovação;Vendedor 3;Brasil;5;Time 1; R$ 142.800,00 ;
Cliente 8;2019-1947;Serviços;17/01/2020;Renovação;Vendedor 3;Brasil;12;Time 1; R$ 342.720,00 ;
Cliente 8;2019-1946;Serviços;17/01/2020;Renovação;Vendedor 3;Brasil;12;Time 1; R$ 685.440,00 ;
Cliente 8;2019-1949;Serviços;17/01/2020;Renovação;Vendedor 3;Brasil;11;Time 1; R$ 1.713.600,00 ;
Cliente 8;2020-2146;Serviços;06/03/2020;Renovação;Vendedor 3;Brasil;8;Time 1; R$ 244.608,00 ;
Cliente 8;2020-2145;Serviços;06/03/2020;Renovação;Vendedor 3;Brasil;8;Time 1; R$ 264.992,00 ;
Cliente 8;2020-2144;Serviços;06/03/2020;Renovação;Vendedor 3;Brasil;10;Time 1; R$ 532.224,00 ;
Cliente 8;2020-2157;Produtos;16/03/2020;Cross selling;Vendedor 3;Brasil;12;Time 1; R$ 1.499.400,00 ;
Cliente 8;2020-2287;Serviços;23/04/2020;Renovação;Vendedor 3;Brasil;8;Time 1; R$ 228.480,00 ;
Cliente 8;2019-1852;Licenciamento;30/04/2020;Renovação;Vendedor 3;Brasil;24;Time 1; R$ 807.228,66 ;
Cliente 8;2020-2356;Serviços;21/05/2020;Renovação;Vendedor 3;Brasil;1;Time 1; R$ 28.560,00 ;
Cliente 8;2019-1853;Licenciamento;01/07/2020;Renovação;Vendedor 3;Brasil;12;Time 1; R$ 1.590.196,64 ;
Cliente 8;2020-2374;Serviços;09/07/2020;Renovação;Vendedor 3;Brasil;2;Time 1; R$ 57.120,00 ;
Cliente 8;2020-2533;Serviços;10/08/2020;Upselling;Vendedor 3;Brasil;4;Time 1; R$ 114.240,00 ;
Cliente 8;2020-2568;Serviços;17/08/2020;Upselling;Vendedor 3;Brasil;3;Time 1; R$ 85.680,00 ;
Cliente 8;2020-2569;Serviços;17/08/2020;Upselling;Vendedor 3;Brasil;3;Time 1; R$ 85.680,00 ;
Cliente 8;2020-2573;Serviços;18/08/2020;Upselling;Vendedor 3;Brasil;2;Time 1; R$ 57.120,00 ;
Cliente 8;2020-2722;Serviços;22/09/2020;Upselling;Vendedor 3;Brasil;2;Time 1; R$ 57.120,00 ;
Cliente 8;2020-2709;Serviços;22/09/2020;Upselling;Vendedor 3;Brasil;2;Time 1; R$ 85.680,00 ;
Cliente 8;2020-2653;Serviços;22/09/2020;Renovação;Vendedor 3;Brasil;3;Time 1; R$ 171.360,00 ;
Cliente 8;2020-2708;Serviços;22/09/2020;Renovação;Vendedor 3;Brasil;6;Time 1; R$ 342.720,00 ;
Cliente 8;2020-2706;Serviços;22/09/2020;Renovação;Vendedor 3;Brasil;12;Time 1; R$ 685.440,00 ;
Cliente 8;2020-2711;Serviços;22/09/2020;Renovação;Vendedor 3;Brasil;12;Time 1; R$ 685.440,00 ;
Cliente 8;2020-2707;Serviços;22/09/2020;Renovação;Vendedor 3;Brasil;12;Time 1; R$ 1.028.160,00 ;
Cliente 8;2020-2710;Serviços;22/09/2020;Renovação;Vendedor 3;Brasil;12;Time 1; R$ 1.713.600,00 ;
Cliente 8;2020-2718;Serviços;24/09/2020;Upselling;Vendedor 3;Brasil;3;Time 1; R$ 171.360,00 ;
Cliente 8;2020-2531;Produtos;09/10/2020;Cross selling;Vendedor 3;Brasil;12;Time 1; R$ 914.355,83 ;
Cliente 8;2020-2991;Produtos;03/11/2020;Cross selling;Vendedor 3;Brasil;12;Time 1; R$ 67.730,06 ;
Cliente 8;2019-1913;Licenciamento;02/12/2020;Renovação;Vendedor 3;Brasil;12;Time 1; R$ 110.011,87 ;
Cliente 8;2020-3141;Serviços;08/01/2021;Upselling;Vendedor 23;Brasil;12;Time 1; R$ 342.720,00 ;
Cliente 8;2020-3157;Serviços;12/01/2021;Renovação;Vendedor 3;Brasil;12;Time 1; R$ 342.720,00 ;
Cliente 8;2020-3158;Serviços;12/01/2021;Upselling;Vendedor 3;Brasil;12;Time 1; R$ 685.440,00 ;
Cliente 8;2020-3137;Serviços;13/01/2021;Upselling;Vendedor 3;Brasil;12;Time 1; R$ 342.720,00 ;
Cliente 8;2020-3138;Serviços;13/01/2021;Upselling;Vendedor 3;Brasil;12;Time 1; R$ 342.720,00 ;
Cliente 8;2020-3139;Serviços;19/01/2021;Upselling;Vendedor 3;Brasil;12;Time 1; R$ 342.720,00 ;
Cliente 8;2021-3271;Serviços;14/04/2021;Renovação;Vendedor 23;Brasil;9;Time 1; R$ 257.040,00 ;
Cliente 8;2021-3630;Serviços;19/04/2021;Upselling;Vendedor 23;Brasil;12;Time 1; R$ 85.680,00 ;
Cliente 8;2021-3608;Serviços;19/04/2021;Upselling;Vendedor 23;Brasil;9;Time 1; R$ 930.048,00 ;
Cliente 80;2019-1879;Produtos;06/12/2019;Novo Logo;Vendedor 13;Brasil;12;Time 3; R$ 234.680,04 ;
Cliente 81;2019-1349;Serviços;06/12/2019;Novo Logo;Vendedor 16;Brasil;2;Time 3; R$ 182.116,48 ;
Cliente 81;2020-2082;Serviços;17/08/2020;Upselling;Vendedor 16;Brasil;5;Time 3; R$ 389.308,00 ;
Cliente 81;2020-2638;Produtos;27/08/2020;Cross selling;Vendedor 16;Brasil;12;Time 3; R$ 158.231,04 ;
Cliente 82;2019-1736;Licenciamento;09/12/2019;Novo Logo;Vendedor 3;Brasil;12;Time 1; R$ 57.744,63 ;
Cliente 82;2020-2617;Licenciamento;21/09/2020;Cross selling;Vendedor 3;Brasil;12;Time 1; R$ 66.958,61 ;
Cliente 82;2020-3049;Serviços;30/11/2020;Cross selling;Vendedor 3;Brasil;1;Time 1; R$ 30.000,00 ;
Cliente 82;2020-3048;Serviços;30/11/2020;Cross selling;Vendedor 3;Brasil;1;Time 1; R$ 98.800,00 ;
Cliente 82;2020-2988;Produtos;30/11/2020;Cross selling;Vendedor 3;Brasil;12;Time 1; R$ 334.231,92 ;
Cliente 82;2020-3083;Licenciamento;25/03/2021;Renovação;Vendedor 3;Brasil;12;Time 1; R$ 89.962,77 ;
Cliente 84;2019-1668;Licenciamento;30/12/2019;Novo Logo;Vendedor 3;Brasil;12;Time 1; R$ 427.231,32 ;
Cliente 84;2020-1970;Produtos;19/04/2021;Renovação;Vendedor 30;Brasil;12;Time 1; R$ 515.446,83 ;
Cliente 85;2019-1857;Serviços;02/01/2020;Novo Logo;Vendedor 16;Brasil;6;Time 3; R$ 320.243,62 ;
Cliente 86;2020-3115;Produtos;11/01/2020;Novo Logo;Vendedor 17;Brasil;24;Time 8; R$ 2.257,50 ;
Cliente 87;2020-3114;Produtos;15/01/2020;Novo Logo;Vendedor 17;Brasil;24;Time 8; R$ 6.772,50 ;
Cliente 88;2019-1272;Licenciamento;29/01/2020;Novo Logo;Vendedor 3;Brasil;24;Time 1; R$ 2.016.870,80 ;
Cliente 89;2020-2073;Produtos;31/01/2020;Novo Logo;Vendedor 7;USA;37;Time 5; R$ 24.970.500,00 ;
Cliente 89;2020-2246;Produtos;02/04/2020;Upselling;Vendedor 7;USA;1;Time 5; R$ 142.456,17 ;
Cliente 89;2020-2244;Produtos;02/04/2020;Upselling;Vendedor 7;USA;1;Time 5; R$ 1.035.205,24 ;
Cliente 89;2020-2248;Produtos;01/05/2020;Upselling;Vendedor 7;USA;1;Time 5; R$ 2.122.164,45 ;
Cliente 89;2020-2327;Produtos;02/06/2020;Upselling;Vendedor 7;USA;1;Time 5; R$ 1.947.564,75 ;
Cliente 9;2018-0042;Serviços;07/02/2018;Upselling;Vendedor 4;Brasil;1;Time 2; R$ 17.387,82 ;
Cliente 9;2018-0039;Licenciamento;07/02/2018;Cross selling;Vendedor 4;Brasil;12;Time 2; R$ 310.811,66 ;
Cliente 9;2017-0112;Produtos;20/03/2018;Renovação;Vendedor 4;Brasil;12;Time 2; R$ 453.692,88 ;
Cliente 9;2018-0136;Serviços;29/05/2018;Upselling;Vendedor 4;Brasil;2;Time 2; R$ 51.200,00 ;
Cliente 9;2019-0699;Produtos;11/01/2019;Renovação;Vendedor 10;Brasil;3;Time 7; R$ 113.423,22 ;
Cliente 9;2019-0888;Serviços;28/03/2019;Upselling;Vendedor 10;Brasil;1;Time 7; R$ 14.634,00 ;
Cliente 9;2019-0856;Produtos;16/04/2019;Renovação;Vendedor 10;Brasil;3;Time 7; R$ 113.423,22 ;
Cliente 9;2019-1125;Produtos;18/06/2019;Renovação;Vendedor 10;Brasil;6;Time 7; R$ 226.846,44 ;
Cliente 9;2020-2143;Serviços;30/03/2020;Cross selling;Vendedor 10;Brasil;3;Time 3; R$ 198.579,09 ;
Cliente 9;2019-1667;Licenciamento;30/03/2020;Cross selling;Vendedor 10;Brasil;12;Time 3; R$ 1.021.350,00 ;
Cliente 9;2020-2091;Licenciamento;13/04/2020;Cross selling;Vendedor 10;Brasil;1;Time 3; R$ 118.419,24 ;
Cliente 9;2020-2111;Licenciamento;13/04/2020;Cross selling;Vendedor 10;Brasil;1;Time 3; R$ 236.434,08 ;
Cliente 9;2020-2086;Licenciamento;24/04/2020;Cross selling;Vendedor 10;Brasil;12;Time 3; R$ 215.632,00 ;
Cliente 9;2019-0700;Licenciamento;30/04/2020;Cross selling;Vendedor 10;Brasil;1;Time 3; R$ 195.240,00 ;
Cliente 9;2020-2417;Licenciamento;30/06/2020;Cross selling;Vendedor 13;Brasil;12;Time 3; R$ 180.261,64 ;
Cliente 9;2020-3096;Produtos;10/12/2020;Upselling;Vendedor 13;Brasil;36;Time 3; R$ 2.571.006,08 ;
Cliente 9;2021-3265;Licenciamento;18/03/2021;Renovação;Vendedor 13;Brasil;12;Time 3; R$ 777.822,91 ;
Cliente 90;2020-1979;Serviços;05/02/2020;Novo Logo;Vendedor 1;Brasil;2;Time 1; R$ 28.731,10 ;
Cliente 91;2019-1588;Serviços;19/02/2020;Novo Logo;Vendedor 14;Brasil;1;Time 3; R$ 12.100,00 ;
Cliente 91;2020-2282;Serviços;17/04/2020;Upselling;Vendedor 14;Brasil;1;Time 3; R$ 5.976,60 ;
Cliente 92;2019-1660;Serviços;28/02/2020;Novo Logo;Vendedor 16;Brasil;3;Time 3; R$ 91.200,00 ;
Cliente 92;2019-1891;Serviços;27/05/2020;Renovação;Vendedor 16;Brasil;7;Time 3; R$ 212.800,00 ;
Cliente 93;2019-1756;Serviços;16/03/2020;Novo Logo;Vendedor 16;Brasil;6;Time 3; R$ 377.040,20 ;
Cliente 93;2020-2443;Serviços;30/10/2020;Upselling;Vendedor 16;Brasil;4;Time 3; R$ 148.134,72 ;
Cliente 94;2020-2170;Serviços;31/03/2020;Novo Logo;Vendedor 7;Brasil;3;Time 5; R$ 28.500,00 ;
Cliente 94;2020-2169;Produtos;31/03/2020;Novo Logo;Vendedor 7;Brasil;62;Time 5; R$ 1.438.500,00 ;
Cliente 94;2020-2366;Produtos;31/07/2020;Cross selling;Vendedor 7;Brasil;32;Time 5; R$ 120.000,00 ;
Cliente 94;2020-2604;Produtos;03/09/2020;Cross selling;Vendedor 7;Brasil;61;Time 5; R$ 50.000,00 ;
Cliente 94;2020-2603;Produtos;22/09/2020;Cross selling;Vendedor 7;Brasil;61;Time 5; R$ 1.320.000,00 ;
Cliente 94;2021-3417;Serviços;04/02/2021;Upselling;Vendedor 7;Brasil;24;Time 5; R$ 432.000,00 ;
Cliente 95;2020-2177;Produtos;20/04/2020;Novo Logo;Vendedor 19;Brasil;1;Time 3; R$ 107.424,00 ;
Cliente 96;2020-2294;Serviços;30/04/2020;Novo Logo;Vendedor 1;Brasil;2;Time 1; R$ 207.802,20 ;
Cliente 96;2020-2954;Serviços;30/10/2020;Cross selling;Vendedor 1;Brasil;14;Time 1; R$ 227.000,00 ;
Cliente 96;2020-2928;Serviços;30/10/2020;Cross selling;Vendedor 1;Brasil;14;Time 1; R$ 273.000,00 ;
Cliente 96;2021-3613;Produtos;15/03/2021;Upselling;Vendedor 13;Brasil;24;Time 3; R$ 120.964,32 ;
Cliente 97;2020-2164;Produtos;07/05/2020;Novo Logo;Vendedor 19;Brasil;39;Time 3; R$ 281.880,00 ;
Cliente 98;2020-2285;Produtos;11/05/2020;Novo Logo;Vendedor 19;Brasil;12;Time 3; R$ 720.000,00 ;
Cliente 99;2020-2088;Licenciamento;12/05/2020;Novo Logo;Vendedor 9;Brasil;12;Time 3; R$ 296.498,85 ;